Timestamp (ns),raw,QUAT W,QUAT X,QUAT Y,QUAT Z,ACCEL X,ACCEL Y,ACCEL Z,GYRO X,GYRO Y,GYRO Z
1599834794727567430,3fff0060fff00005fb0e0f0dfd1100b8fdc5005f,16383,96,-16,5,-1266,3853,-751,184,-571,95
1599834794730340051,3fff0070ffda0008fb0c0f05fd0400b8fdc10058,16383,112,-38,8,-1268,3845,-764,184,-575,88
1599834794772598831,3fff007fffc3000cfb070f0dfd0200b6fdbd0053,16383,127,-61,12,-1273,3853,-766,182,-579,83
1599834794774785103,3fff008effac000ffb0c0f0cfcf300b6fdbd004d,16383,142,-84,15,-1268,3852,-781,182,-579,77
1599834794818352916,3ffe009dff950012faf50f14fd2300b1fdb40046,16382,157,-107,18,-1291,3860,-733,177,-588,70
1599834794952602608,3ffe00acff7e0014faff0f13fcf400adfdb0003d,16382,172,-130,20,-1281,3859,-780,173,-592,61
1599834794959676250,3ffe00bbff660016fafb0f19fcfb00a9fdb20035,16382,187,-154,22,-1285,3865,-773,169,-590,53
1599834795042631643,3ffd00caff4f0018faef0f1ffce100a2fdbb0030,16381,202,-177,24,-1297,3871,-799,162,-581,48
1599834795049481829,3ffd00d7ff39001afb1a0f13fccc0095fdc00030,16381,215,-199,26,-1254,3859,-820,149,-576,48
1599834795087613267,3ffc00e5ff22001cfb1f0f13fcae0090fdc50038,16380,229,-222,28,-1249,3859,-850,144,-571,56
1599834795095085908,3ffc00f3ff0c001ffb4b0f26fc89008cfdc50046,16380,243,-244,31,-1205,3878,-887,140,-571,70
1599834795097093582,3ffb0100fef40022fb4c0f33fc7d0087fdb8004d,16379,256,-268,34,-1204,3891,-899,135,-584,77
1599834795099002688,3ffb010dfedc0025fb4f0f26fc38007ffda70052,16379,269,-292,37,-1201,3878,-968,127,-601,82
1599834795132630475,3ffa011afec30028fb520f39fc540074fd840056,16378,282,-317,40,-1198,3897,-940,116,-636,86
1599834795133906916,3ff90126fea8002bfb6a0f4bfc3b0076fd5b0058,16377,294,-344,43,-1174,3915,-965,118,-677,88
1599834795135785391,3ff80133fe8a002ffb460f5cfc49007cfd300056,16376,307,-374,47,-1210,3932,-951,124,-720,86
1599834795231115159,3ff70141fe6b0032fb390f41fc290086fd090058,16375,321,-405,50,-1223,3905,-983,134,-759,88
1599834795232149834,3ff6014efe4b0035fb100f36fc57008cfce80058,16374,334,-437,53,-1264,3894,-937,140,-792,88
1599834795233251396,3ff5015cfe2a0037fafa0f06fc660083fcd6004e,16373,348,-470,55,-1286,3846,-922,131,-810,78
1599834795235198427,3ff40168fe09003afae00efefc8c007cfcd30047,16372,360,-503,58,-1312,3838,-884,124,-813,71
1599834795267610903,3ff20175fde9003bfaa70ed9fc940074fce30037,16370,373,-535,59,-1369,3801,-876,116,-797,55
1599834795268707899,3ff10181fdca003cfa880ec0fcba006dfd03002a,16369,385,-566,60,-1400,3776,-838,109,-765,42
1599834795270701574,3ff0018dfdae003dfa6a0e8efcfa0062fd45001b,16368,397,-594,61,-1430,3726,-774,98,-699,27
1599834795312586919,3fef0198fd95003cfa520e6ffce00052fd8e000d,16367,408,-619,60,-1454,3695,-800,82,-626,13
1599834795313301042,3fee01a2fd80003bfa630e47fcf90043fddefffc,16366,418,-640,59,-1437,3655,-775,67,-546,-4
1599834795316447442,3fed01abfd6f003afa6c0e37fcd70038fe31ffe8,16365,427,-657,58,-1428,3639,-809,56,-463,-24
1599834795492652222,3fec01b4fd600037fa720e18fccb002bfe74ffd3,16364,436,-672,55,-1422,3608,-821,43,-396,-45
1599834795506425286,3feb01bdfd540033faa60dfdfcde001afea2ffbb,16363,445,-684,51,-1370,3581,-802,26,-350,-69
1599834795507502528,3fe701effd0efffefab70e7bfc69fff7fed6ff1f,16359,495,-754,-2,-1353,3707,-919,-9,-298,-225
1599834795509438762,3fe601f6fd03fff3fa9a0e7dfc68fffefecaff0e,16358,502,-765,-13,-1382,3709,-920,-2,-310,-242
1599834795537598637,fe8bfa080dfefcae0048fde0004d3f9f038afa3a,-373,-1528,3582,-850,72,-544,77,16287,906,-1478
1599834795539162712,fe8df9ea0dedfcf6004ffde500583f9d0394fa26,-371,-1558,3565,-778,79,-539,88,16285,916,-1498
1599834795540236050,c40d5efd24000c009400633f9703d6fa0bfeaefa,-15347,24317,9216,3072,-27648,25407,-26877,-10502,3070,-20742
1599834795583396672,090d74fcfcfffd00db00613f9803dcfa19feb2fa,2317,29948,-769,-768,-9472,24895,-26621,-8966,6654,-19718
1599834795584506751,3f940412fa0efec8fa740ef8fd1e0027fead0056,16276,1042,-1522,-312,-1420,3832,-738,39,-339,86
1599834795718480615,3f93041afa02fecafa3c0ef6fd04001afeb6005c,16275,1050,-1534,-310,-1476,3830,-764,26,-330,92
1599834795729688056,3f910422f9f7fecdfa090f07fd1f0006fedd0068,16273,1058,-1545,-307,-1527,3847,-737,6,-291,104
1599834795731303847,3f900428f9effed1f9e80f00fce7fff6ff10007b,16272,1064,-1553,-303,-1560,3840,-793,-10,-240,123
1599834795764011754,3f8f042df9eafed6f9c30f30fcfbffdfff4f0091,16271,1069,-1558,-298,-1597,3888,-773,-33,-177,145
1599834795764987889,f1f9b40fc8fcb9ffbb005500c63f900442f9f9fe,-3591,-19441,-14084,-17921,-17664,21760,-14785,-28668,17145,-1538
1599834795766094298,aefd190027026a00be3f9f0481fac9ff47fad40e,-20739,6400,9986,27136,-16833,-24828,-32262,-13825,18426,-11250
1599834795768029801,7ffce80027023900a53fa0048bfae0ff4efafd0e,32764,-6144,9986,14592,-23233,-24572,-29702,-7937,20218,-754
1599834795853381821,ff6afaf80d96fd190029ff01004b3f9c04d7faf0,-150,-1288,3478,-743,41,-255,75,16284,1239,-1296
1599834795857432832,ff6cfabc0dcdfd260018fed900463f9b04dffae5,-148,-1348,3533,-730,24,-295,70,16283,1247,-1307
1599834795859383049,ff6dfa820e18fd550013fed200373f9904e7fada,-147,-1406,3608,-683,19,-302,55,16281,1255,-1318
1599834795897917833,ff6dfa790e36fd46001cfede00233f9804effad1,-147,-1415,3638,-698,28,-290,35,16280,1263,-1327
1599834795904682995,580e90fd1d0034ff89ffe03f910527fab6ff5ffa,22542,-28419,7424,13567,-30209,-8129,-28411,10234,-18689,24570
1599834795905763145,410e7dfd230039ff9bffe03f900531fab6ff5cfa,16654,32253,8960,14847,-25601,-8129,-28667,12794,-18689,23802
1599834795942743828,0e88fd8d0046008dffe13f8d0584faddff50f9ea,3720,-627,70,141,-31,16269,1412,-1315,-176,-1558
1599834795950203641,0e8ffd79002f00bbffdc3f8d058dfaeaff4ff9e6,3727,-647,47,187,-36,16269,1421,-1302,-177,-1562
1599834795952139954,fb2e0e7afdb10074ff75ff9f3f8806f0fcfffe86,-1234,3706,-591,116,-139,-97,16264,1776,-769,-378
1599834795987703153,fb280e4bfdda006bff45ff973f8706fbfcf9fe80,-1240,3659,-550,107,-187,-105,16263,1787,-775,-384
1599834795989069022,fb030deffdde0060ff34ff903f850705fcf3fe79,-1277,3567,-546,96,-204,-112,16261,1797,-781,-391
1599834795991014206,facb0dcbfdb10047ff3eff893f84070efceffe72,-1333,3531,-591,71,-194,-119,16260,1806,-785,-398
1599834796033466153,fac90d9ffde2002fff57ff7f3f830716fcedfe6b,-1335,3487,-542,47,-169,-129,16259,1814,-787,-405
1599834796037866030,0d9dfda2ffc50097ff383f800732fd0efe42fad4,3485,-606,-59,151,-200,16256,1842,-754,-446,-1324
1599834796039915480,0da2fd94ffb600d2ff2c3f800736fd1dfe39fae2,3490,-620,-74,210,-212,16256,1846,-739,-455,-1310
1599834796122817562,2d0e57fd43001c0063ffea3f510923ff10fe72fa,11534,22525,17152,7168,25599,-5569,20745,9215,4350,29434
1599834796127921919,510e5efd4500130065ffe33f50092bff17fe71fa,20750,24317,17664,4864,26111,-7361,20489,11263,6142,29178
1599834796130002383,440e69fd5400100067ffda3f4f0933ff1ffe6ffa,17422,27133,21504,4096,26623,-9665,20233,13311,8190,28666
1599834796131948133,350e74fd5a000d0067ffd03f4e093aff26fe6dfa,13582,29949,23040,3328,26623,-12225,19977,15103,9982,28154
1599834796167831018,4a0e74fd60000b006affc73f4d0942ff2efe6afa,18958,29949,24576,2816,27391,-14529,19721,17151,12030,27386
1599834796169048667,400e7dfd72000d0066ffbe3f4c094aff35fe67fa,16398,32253,29184,3328,26367,-16833,19465,19199,13822,26618
1599834796170182316,480e7afd49000e005fffba3f4a0952ff3bfe64fa,18446,31485,18688,3584,24575,-17857,18953,21247,15358,25850
1599834796212827438,5f0e5bfd5400210024ffb53f46096cff49fe5afa,24334,23549,21504,8448,9471,-19137,17929,27903,18942,23290
1599834796215975636,480e59fd370024000cffb23f450975ff4cfe57fa,18446,23037,14080,9216,3327,-19905,17673,30207,19710,22522
1599834796217890239,3c0e44fd3e00240000ffb73f44097dff4efe53fa,15374,17661,15872,9216,255,-18625,17417,32255,20222,21498
1599834796258535081,4b0e4ffd2e0022fff3ffb73f420986ff50fe50fa,19214,20477,11776,8959,-3073,-18625,16905,-30977,20734,20730
1599834796260825818,42fa390ea6fd4500170013ffd13f3a09b8ff63fe,17146,14606,-22787,17664,5888,5119,-11969,14857,-18177,25598
1599834796262780570,40fa390ea8fd5a001b001affd73f3909c1ff67fe,16634,14606,-22275,23040,6912,6911,-10433,14601,-15873,26622
1599834796303048422,3efa290eb6fd0e00230019ffd33f3809caff6bfe,16122,10510,-18691,3584,8960,6655,-11457,14345,-13569,27646
1599834796307208061,3cfa490ea7fd22002d001effd23f3609d4ff6ffe,15610,18702,-22531,8704,11520,7935,-11713,13833,-11009,28670
1599834796348503627,3afa470e9dfcf700350021ffd23f3509deff74fe,15098,18190,-25092,-2304,13568,8703,-11713,13577,-8449,29950
1599834796351479538,fa780eb8fd240044ffecffd33f2c0a10ff80fe2c,-1416,3768,-732,68,-20,-45,16172,2576,-128,-468
1599834796392838031,fa800ea4fd150044ffd3ffd03f2b0a1aff80fe29,-1408,3748,-747,68,-45,-48,16171,2586,-128,-471
1599834796398768532,fa6e0ea5fd16004affbdffce3f290a25ff7ffe26,-1426,3749,-746,74,-67,-50,16169,2597,-129,-474
1599834796437884619,fe10fa2e0e98fd1d002fffebffb53f1d0a6aff81,-496,-1490,3736,-739,47,-21,-75,16157,2666,-127
1599834796439279726,fe0cfa360e97fcf1002c0007ffb43f1b0a72ff85,-500,-1482,3735,-783,44,7,-76,16155,2674,-123
1599834796536459478,fe09fa4d0eabfcf400210021ffb33f1a0a7bff8a,-503,-1459,3755,-780,33,33,-77,16154,2683,-118
1599834796538359461,640e77fcd80034ff79ffb43f000b06ff90fdb9fa,25614,30716,-10240,13567,31231,-19393,11,1791,-28419,-17926
1599834796539388747,650e77fcb70032ff84ffba3efe0b10ff8efdb5fa,25870,30716,-18688,13055,-31489,-17858,-501,4351,-28931,-18950
1599834796617888181,590e6efcf10038ff95ffbf3efc0b19ff8dfdb2fa,22798,28412,-3840,14591,-27137,-16578,-1013,6655,-29187,-19718
1599834796624618556,570e6cfcdc003bffa2ffc53efa0b23ff8dfdaefa,22286,27900,-9216,15359,-23809,-15042,-1525,9215,-29187,-20742
1599834796626427609,fa780e5efcb300430009ffda3eef0b5dff98fda0,-1416,3678,-845,67,9,-38,16111,2909,-104,-608
1599834796662767099,fa8f0e42fcdf0043000cffdd3eed0b67ff9bfd9e,-1393,3650,-801,67,12,-35,16109,2919,-101,-610
1599834796664977113,fa9f0e39fce30042000effdf3eec0b71ff9ffd9d,-1377,3641,-797,66,14,-33,16108,2929,-97,-611
1599834796666088296,fa8c0e2ffcde00420012ffe63eea0b7bffa2fd9c,-1396,3631,-802,66,18,-26,16106,2939,-94,-612
1599834796668049883,0e21fcbd0039001b00083edf0bb4ffb5fd9afa79,3617,-835,57,27,8,16095,2996,-75,-614,-1415
1599834796752842973,3edc0bc6ffbefd9dfa7f0e41fcad002e0042001d,16092,3014,-66,-611,-1409,3649,-851,46,66,29
1599834796755082506,3eda0bcfffc4fd9ffa710e60fc9c002d005b0026,16090,3023,-60,-609,-1423,3680,-868,45,91,38
1599834796757017468,3ecc0c1ffff7fdb1fade0ec1fc89005900210033,16076,3103,-9,-591,-1314,3777,-887,89,33,51
1599834796797860400,3eca0c2bfff8fdb3fab20ebefc94006400000035,16074,3115,-8,-589,-1358,3774,-876,100,0,53
1599834796804278380,3eb60c910003fdc5fa660e9dfc6a008d00370048,16054,3217,3,-571,-1434,3741,-918,141,55,72
1599834796806183650,3eb40c9e0008fdc8fa670e9dfc8e008d004b004b,16052,3230,8,-568,-1433,3741,-882,141,75,75
1599834796851569956,3e9d0d110035fde0fae50e80fc4400bd001d002f,16029,3345,53,-544,-1307,3712,-956,189,29,47
1599834796852567365,3e9a0d200036fde1fac80e74fc6b00c5ffe7002a,16026,3360,54,-543,-1336,3700,-917,197,-25,42
1599834796932862720,3e7d0da6000dfdddfa2f0e6cfc8d00f2ff69001f,15997,3494,13,-547,-1489,3692,-883,242,-151,31
1599834796940220472,3e790db70009fdddfa2d0e5afc9700f3ff89001b,15993,3511,9,-547,-1491,3674,-873,243,-119,27
1599834796941310009,3e5a0e420021fde0f98c0e7bfc7b00f70082fff9,15962,3650,33,-544,-1652,3707,-901,247,130,-7
1599834796942524780,3e560e53002bfde0f9810e75fc7000f700a1ffe8,15958,3667,43,-544,-1663,3701,-912,247,161,-24
1599834796977916092,3e320ee60080fdb6f9a20e9afc7301160022fefd,15922,3814,128,-586,-1630,3738,-909,278,34,-259
1599834796978620045,270ed3fca40120ff73fde03e0c0f6a0094fd27f7,9998,-11268,-23551,8447,29693,-8130,3087,27136,-27395,10231
1599834797031516963,3e000f8e009efce4f7630f23fd690105ff80fcf3,15872,3982,158,-796,-2205,3875,-663,261,-128,-781
1599834797032510601,3df90f9e00a7fcbdf71a0f02fd7d00e9ffa6fc9c,15865,3998,167,-835,-2278,3842,-643,233,-90,-868
1599834797077393887,3dce0fcd01f4fb41f55a0efcfdb7fed70524f9e3,15822,4045,500,-1215,-2726,3836,-585,-297,1316,-1565
1599834797079348632,f4b20f32fe1ffda40a87f6f53d870f810557f991,-2894,3890,-481,-604,2695,-2315,15751,3969,1367,-1647
1599834797112782856,3d630f540687f8eff4e60f25fe82fcf30ab5f526,15715,3924,1671,-1809,-2842,3877,-382,-781,2741,-2778
1599834797113487053,3d4f0f37071df894f4ef0f48fea0fcaf0a73f48c,15695,3895,1821,-1900,-2833,3912,-352,-849,2675,-2932
1599834797202891210,3c1b0dbe0d5af53df1af0ff4fe54fa071431ef76,15387,3518,3418,-2755,-3665,4084,-428,-1529,5169,-4234
1599834797206347848,3bd20d830e75f4ccf2150ff7fe28f9b3157deebc,15314,3459,3701,-2868,-3563,4087,-472,-1613,5501,-4420
1599834797207428093,387c0aef176df09bf10f0e88fd39f88d15ebe9c2,14460,2799,5997,-3941,-3825,3720,-711,-1907,5611,-5694
1599834797247792013,37ed0a891889f009f1430e5dfcbcf85c162ce948,14317,2697,6281,-4087,-3773,3677,-836,-1956,5676,-5816
1599834797248484034,325106c020d5eb03f1210caaf90ff93813cde4aa,12881,1728,8405,-5373,-3807,3242,-1777,-1736,5069,-6998
1599834797252316957,317e063621bcea53f0f60c5ff8c4f95013b7e44c,12670,1590,8636,-5549,-3850,3167,-1852,-1712,5047,-7092
1599834797293610638,295d020f289ae4f1f33d0ae5f6dafb44163de246,10589,527,10394,-6927,-3267,2789,-2342,-1212,5693,-7610
1599834797296383034,283401872955e446f37e0a65f6cdfbc01584e1ed,10292,391,10581,-7098,-3202,2661,-2355,-1088,5508,-7699
1599834797337852933,1f0bfcf42d3bdf2ef16f074af56dfde50efbe284,7947,-780,11579,-8402,-3729,1866,-2707,-539,3835,-7548
1599834797427748270,1df1fc5b2d86dea0f1fc079af52cfe050e6ee2db,7665,-933,11654,-8544,-3588,1946,-2772,-507,3694,-7461
1599834797435447626,15abf7242e6bdaacf2c605d8f2c0ff9b0777e31d,5547,-2268,11883,-9556,-3386,1496,-3392,-101,1911,-7395
1599834797437244829,14bef6662e5ada40f24e05c7f2a4ffba061ee337,5310,-2458,11866,-9664,-3506,1479,-3420,-70,1566,-7369
1599834797475247080,0efeef642c74d7c3ef21047bf6390067fb6ce408,3838,-4252,11380,-10301,-4319,1147,-2503,103,-1172,-7160
1599834797476246776,0e64ee6e2c18d78dee460422f6c7003cfb25e413,3684,-4498,11288,-10355,-4538,1058,-2361,60,-1243,-7149
1599834797478207248,0dc8ed7a2bbad75eed8703dcf74bfff0fb27e41e,3528,-4742,11194,-10402,-4729,988,-2229,-16,-1241,-7138
1599834797517959208,0909e7372920d6a9ec80031ef98bfd5cfd28e44b,2313,-6345,10528,-10583,-4992,798,-1653,-676,-728,-7093
1599834797525379704,084ce65c28bcd6a4ecb802c8fa2afd06fd56e43d,2124,-6564,10428,-10588,-4936,712,-1494,-762,-682,-7107
1599834797527270298,011fe0fc25d9d6c4ec7e010dfbbff92806fde5c9,287,-7940,9689,-10556,-4994,269,-1089,-1752,1789,-6711
1599834797562897204,000ae08d2585d6c7ec99012bfc24f8b7083ce5eb,10,-8051,9605,-10553,-4967,299,-988,-1865,2108,-6677
1599834797564401858,f700de3422c8d737f054fdb3fe6ff6780bb8e7fe,-2304,-8652,8904,-10441,-4012,-589,-401,-2440,3000,-6146
1599834797607900532,f5d1de132273d752f01dfdaefe82f5aa0cbee84b,-2607,-8685,8819,-10414,-4067,-594,-382,-2646,3262,-6069
1599834797610702951,eb15dfd71f43d76af427fee4fdbdf3821af4eaf2,-5355,-8233,8003,-10390,-3033,-284,-579,-3198,6900,-5390
1599834797652894572,e9a8e05a1ec3d764f450fed3fc54f3421b7aeb3c,-5720,-8102,7875,-10396,-2992,-301,-940,-3262,7034,-5316
1599834797697867025,de32e5a71a86d88efee0fc29f7fdf89e197ff189,-8654,-6745,6790,-10098,-288,-983,-2051,-1890,6527,-3703
1599834797700684113,dd37e64319f6d8a2fa88fb91f693f6ac1850f18a,-8905,-6589,6646,-10078,-1400,-1135,-2413,-2388,6224,-3702
1599834797702793657,d4daed211566da4fff7cfef4f1dcf2d21bd0f3c8,-11046,-4831,5478,-9649,-132,-268,-3620,-3374,7120,-3128
1599834797742933121,d404ee0b14eada8ffee20048f23df0db18fcf498,-11260,-4597,5354,-9585,-286,72,-3523,-3877,6396,-2920
1599834797787947061,cfecf33812b3dc57fcca0289f5c4f5570cd1fb1e,-12308,-3272,4787,-9129,-822,649,-2620,-2729,3281,-1250
1599834797790316847,cf91f3ce1280dc83fcd3024af5e3f5980ca3fb92,-12399,-3122,4736,-9085,-813,586,-2589,-2664,3235,-1134
1599834797792294308,cd10f92e10a2ddabfcb4017df508f5190ff6fdf5,-13040,-1746,4258,-8789,-844,381,-2808,-2791,4086,-523
1599834797832923036,cccef9de104dddc4fce401abf3bcf6540fddfe5c,-13106,-1570,4173,-8764,-796,427,-3140,-2476,4061,-420
1599834797837271787,cb79fdd50e4fde6afdba0009f0fffb1e0808fe40,-13447,-555,3663,-8598,-582,9,-3841,-1250,2056,-448
1599834797877830073,cb5bfe2b0e20de80fdb7ff35f178fb7b0831fe86,-13477,-469,3616,-8576,-585,-203,-3720,-1157,2097,-378
1599834797885034753,ff14f264fde206fdff4fca6802030bd5df23fe6c,-236,-3484,-542,1789,-177,-13720,515,3029,-8413,-404
1599834797922831134,ff88f24cfe0f06e9ff92ca5a02390ba3df2bfeb7,-120,-3508,-497,1769,-110,-13734,569,2979,-8405,-329
1599834797924322869,ca4d026b0b74df33fee70059f272fe80061fffc6,-13747,619,2932,-8397,-281,89,-3470,-384,1567,-58
1599834797967865704,ca4202960b49df3bff25004ef26afebe0592ffb6,-13758,662,2889,-8389,-219,78,-3478,-322,1426,-74
1599834797970996228,c9f403710a8cdf91fefeff44f20dff2f01f6ff5a,-13836,881,2700,-8303,-258,-188,-3571,-209,502,-166
1599834798057948680,c9ee03810a82df98feeeff8af1d6ff6501b5ff74,-13842,897,2690,-8296,-274,-118,-3626,-155,437,-140
1599834798102823017,c9c103b70a4adfd9ff43ffd3f302001c00d8ff40,-13887,951,2634,-8231,-189,-45,-3326,28,216,-192
1599834798105949896,c9bc03ba0a44dfe0ff88ffc6f312001e00beff50,-13892,954,2628,-8224,-120,-58,-3310,30,190,-176
1599834798107027139,c9b703bd0a40dfe6ffb1ffb8f2e50008009cff61,-13897,957,2624,-8218,-79,-72,-3355,8,156,-159
1599834798108954779,c9ad03a90a7ae008ff930053f37e0004fe66ff79,-13907,937,2682,-8184,-109,83,-3202,4,-410,-135
1599834798147983089,c9ae039e0a8de00cff880060f35d000cfe34ff77,-13906,926,2701,-8180,-120,96,-3235,12,-460,-137
1599834798153713063,c9b9032c0b3ee029ff55ff90f393ffe5fdc3ff71,-13895,812,2878,-8151,-171,-112,-3181,-27,-573,-143
1599834798155298007,c9bb03210b55e02cff57ff92f3a6ffd2fdcfff86,-13893,801,2901,-8148,-169,-110,-3162,-46,-561,-122
1599834798193078788,c9e402af0c3be031ff4fff1cf403000afc650001,-13852,687,3131,-8143,-177,-228,-3069,10,-923,1
1599834798194441756,c9ed029b0c62e02fff76ff1af3e9fff8fc1b000e,-13843,667,3170,-8145,-138,-230,-3095,-8,-997,14
1599834798237940873,ca4d01d60df5e026fd9cfe93f159002bfaceffbc,-13747,470,3573,-8154,-612,-365,-3751,43,-1330,-68
1599834798238945904,ca5801b80e25e027fd91fe55f1830036fafcffaa,-13736,440,3621,-8153,-623,-427,-3709,54,-1284,-86
1599834798327938897,cab900820fe1e04bfe6efe2bf23d0150f85dfee7,-13639,130,4065,-8117,-402,-469,-3523,336,-1955,-281
1599834798329341614,cacb0042102ce052fe51fddef2530184f751fec2,-13621,66,4140,-8110,-431,-546,-3501,388,-2223,-318
1599834798331420956,cb9ffd84134be0c9fb31fc16f2fe0280f3f4fd51,-13409,-636,4939,-7991,-1231,-1002,-3330,640,-3084,-687
1599834798333358384,cbbafd2613a8e0dffb35fbd0f2db028af466fd31,-13382,-730,5032,-7969,-1227,-1072,-3365,650,-2970,-719
1599834798372874766,cc42fa8a15f3e1e1fa81f961f1d1024cf78bfb37,-13246,-1398,5619,-7711,-1407,-1695,-3631,588,-2165,-1225
1599834798374402851,cc4dfa371634e20efa8ff874f181024bf755faf1,-13235,-1481,5684,-7666,-1393,-1932,-3711,587,-2219,-1295
1599834798462866298,cd15f72a1900e3b5f7c7f7abeed40157f2bafa31,-13035,-2262,6400,-7243,-2105,-2133,-4396,343,-3398,-1487
1599834798470168370,cd34f6c81968e3fbf71cf840ee1c0117f30bf9d3,-13004,-2360,6504,-7173,-2276,-1984,-4580,279,-3317,-1581
1599834798471162152,cd75f3e51b40e674f535f525e7b00206fb21f650,-12939,-3099,6976,-6540,-2763,-2779,-6224,518,-1247,-2480
1599834798473126737,cd65f3941b4ee6cbf54cf4d7e77e01e4fbdef60a,-12955,-3180,6990,-6453,-2740,-2857,-6274,484,-1058,-2550
1599834798508246819,cc81f1701b1fe9b7f7c7faf0df010105ffd0f45a,-13183,-3728,6943,-5705,-2105,-1296,-8447,261,-48,-2982
1599834798643001753,cc58f12a1affea1ff764fb41de50015a008df3ca,-13224,-3798,6911,-5601,-2204,-1215,-8624,346,141,-3126
1599834798651815154,e2f8bb0102e0be00d10d7af17bc826ee3d1457f0,-7432,-17663,736,-16896,-12019,31473,31688,9966,15636,22512
1599834798652793457,43f8880141e15c01110e23f163c7d2ee21139af0,17400,-30719,16865,23553,4366,9201,25543,-11538,8467,-25872
1599834798654162109,3b0627e85c01201505f477c55dedee0c6ef2b3f9,15110,10216,23553,8213,1524,30661,24045,-4596,28402,-19463
1599834798689989485,c60639e9410146157ef4e9c51cedf60b68f2daf9,-14842,14825,16641,17941,32500,-5691,7405,-2549,26866,-9479
1599834798691009973,c4e0ee020a5af2fbf89c0643eab0014716c8f5c7,-15136,-4606,2650,-3333,-1892,1603,-5456,327,5832,-2617
1599834798692041978,c4a6ee130944f316f819063ceb83012e179af63c,-15194,-4589,2372,-3306,-2023,1596,-5245,302,6042,-2500
1599834798733492289,c37defbdff1df2fcf9b7062eefc0feb4203df995,-15491,-4163,-227,-3332,-1609,1582,-4160,-332,8253,-1643
1599834798738424971,c375f017fdaef2dffa550620f01efe502135f9fc,-15499,-4073,-594,-3361,-1451,1568,-4066,-432,8501,-1540
1599834798739392333,c470f387f285f17502b1062cf3d9fc741da5fe23,-15248,-3193,-3451,-3723,689,1580,-3111,-908,7589,-477
1599834798778279643,c4a9f3edf17af13902f405f1f4a4fc5c1a5bff70,-15191,-3091,-3718,-3783,756,1521,-2908,-932,6747,-144
1599834798785429034,c679f75ceaf8ef93023f0403f870f8db14710117,-14727,-2212,-5384,-4205,575,1027,-1936,-1829,5233,279
1599834798787290778,c6bef7d7ea47ef49027503daf834f87d13dc01a4,-14658,-2089,-5561,-4279,629,986,-1996,-1923,5084,420
1599834798822989153,c8b2fb5ce6d3ec72013502b8f787f629098e054a,-14158,-1188,-6445,-5006,309,696,-2169,-2519,2446,1354
1599834798829427042,c8e6fbc2e6a2ec0900f30255f8aef5e208cf058e,-14106,-1086,-6494,-5111,243,597,-1874,-2590,2255,1422
1599834798868283385,ca65fed5e64fe84e007b0092f98cf44d046c07cd,-13723,-299,-6577,-6066,123,146,-1652,-2995,1132,1997
1599834798873602228,ca9cff33e651e7ceffca0024f970f43b04e807f9,-13668,-205,-6575,-6194,-54,36,-1680,-3013,1256,2041
1599834798912888298,cd5d0320e57ee35e042fff4cf97cf1de09bb0979,-12963,800,-6786,-7330,1071,-180,-1668,-3618,2491,2425
1599834798919164709,cdbb0396e577e2cf04e7feeaf9f9f224080e0989,-12869,918,-6793,-7473,1255,-278,-1543,-3548,2062,2441
1599834798965538123,cfe505c1e758de3703cffe8bf825f356fd110abd,-12315,1473,-6312,-8649,975,-373,-2011,-3242,-751,2749
1599834799002989429,d02705eae7addda503c6fe87f7aef39dfd310adb,-12249,1514,-6227,-8795,966,-377,-2130,-3171,-719,2779
1599834799009574330,d26506d3ea72d93306ebfe31fa55f4c6f9f70b71,-11675,1747,-5518,-9933,1771,-463,-1451,-2874,-1545,2929
1599834799093081216,d2a406cbeaedd8a6071cfe53faabf4fbf85b0b7a,-11612,1739,-5395,-10074,1820,-429,-1365,-2821,-1957,2938
1599834799098011561,d3fd045ef093d4620477fe23fb01f7fdeaf60b5d,-11267,1118,-3949,-11166,1143,-477,-1279,-2051,-5386,2909
1599834799099826347,d42003d1f16dd3e803dafdbffae3f88aea070b57,-11232,977,-3731,-11288,986,-577,-1309,-1910,-5625,2903
1599834799101755594,98f639f61b00b8e316ff6ed733f2260529d0f4fc,-26378,14838,6912,-18205,5887,28375,13298,9733,10704,-2820
1599834799182950580,78f54bf5680147e2e0fe6bd740f12d05e7d14cfb,30965,19445,26625,18402,-7938,27607,16625,11525,-6191,19707
1599834799183628856,fdf462f45a01b7e2fcfd96d74df034069fd1abfb,-524,25332,23041,-18462,-771,-26921,19952,13318,-24623,-21509
1599834799185561661,f94af3f4ee22027fe9edfb00d797ea480aa1d4a8,-1718,-3084,-4574,639,-5651,-1280,-10345,-5560,2721,-11096
1599834799186693261,f93cf410ed6b02daeb9ffa71d799e9970af8d516,-1732,-3056,-4757,730,-5217,-1423,-10343,-5737,2808,-10986
1599834799228352239,f907f3f6ec880351ed52f9aed796e8ef0b3dd584,-1785,-3082,-4984,849,-4782,-1618,-10346,-5905,2877,-10876
1599834799232959069,1ef6def261e5ff04d8f53bf5bfd711e5020bbad8,7926,-8462,25061,-252,-9995,15349,-16425,4581,523,-17704
1599834799234050794,91f6c3f2efe5c504d0f599f555d6f5e4800bafd9,-28170,-15374,-4123,-15100,-12043,-26123,21974,-2588,-32757,-20519
1599834799318026240,e5890556f6baf4b0d6bde3830b7fd9ebf6f2f470,-6775,1366,-2374,-2896,-10563,-7293,2943,-9749,-2318,-2960
1599834799324956473,e4d405bdf7aaf491d6a2e30c0b55da57f74df4be,-6956,1469,-2134,-2927,-10590,-7412,2901,-9641,-2227,-2882
1599834799326056238,d5dfe0660945dcd4fbc3f9a0dda306f1fdcef499,-10785,-8090,2373,-9004,-1085,-1632,-8797,1777,-562,-2919
1599834799327151373,d5cae00608eedd2efb94fa5cde430743fdabf466,-10806,-8186,2286,-8914,-1132,-1444,-8637,1859,-597,-2970
1599834799362983250,d569dd130639e000fdb6fe72e2800694fd1af661,-10903,-8941,1593,-8192,-586,-398,-7552,1684,-742,-2463
1599834799364120946,d569dcb705f9e05afd51ff16e31806cdfc11f6c2,-10903,-9033,1529,-8102,-687,-234,-7400,1741,-1007,-2366
1599834799408093648,d549da4a040de321fbc8021be74604a5fc76f83e,-10935,-9654,1037,-7391,-1080,539,-6330,1189,-906,-1986
1599834799409201136,d546da0603e3e37afb43025ae73e044ffbb1f82f,-10938,-9722,995,-7302,-1213,602,-6338,1103,-1103,-2001
1599834799460937661,f96f03eeebe001b8fbb0f87cd4ead81002e5e6c5,-1681,1006,-5152,440,-1104,-1924,-11030,-10224,741,-6459
1599834799462741224,f92903dfec7e0162fc53f856d4d5d7f102bde716,-1751,991,-4994,354,-941,-1962,-11051,-10255,701,-6378
1599834799498065584,d413d7c20176e8a5fc8203f5f06ffefc0036f9a7,-11245,-10302,374,-5979,-894,1013,-3985,-260,54,-1625
1599834799498993760,d3f6d7c3014de8d8fcad038af0d5feeafffff9d8,-11274,-10301,333,-5928,-851,906,-3883,-278,-1,-1576
1599834799543024698,d328d7920130eacbfa900304f38bfdfff9a2fc51,-11480,-10350,304,-5429,-1392,772,-3189,-513,-1630,-943
1599834799544414808,d310d7850153eb1afa31031df3edfdd7f92ffc7e,-11504,-10363,339,-5350,-1487,797,-3091,-553,-1745,-898
1599834799641303467,01e7f579fc21ff61fffcd190d81e0282ed7cfab9,487,-2695,-991,-159,-4,-11888,-10210,642,-4740,-1351
1599834799723120515,0201f52cfc2bfed8005cd17bd833029fed87fab9,513,-2772,-981,-296,92,-11909,-10189,671,-4729,-1351
1599834799727325262,d168d84502c3ed93fa7a0267f486fc5dfdab00f9,-11928,-10171,707,-4717,-1414,615,-2938,-931,-597,249
1599834799729200897,d158d85502ededa1fa420286f474fc80fd160150,-11944,-10155,749,-4703,-1470,646,-2956,-896,-746,336
1599834799731297474,56035ef1fcfe85f9fb0630d198d888071cedb7f7,22019,24305,-770,-31239,-1274,12497,-26408,-30713,7405,-18441
1599834799768054248,df037ef1ecfe98f9a50665d1afd881077fedb3f7,-8445,32497,-4866,-26375,-23290,26065,-20520,-32505,32749,-19465
1599834799773704456,d1c7d87a07e2edadf70c0373f17afec1f9bd06cf,-11833,-10118,2018,-4691,-2292,883,-3718,-319,-1603,1743
1599834799775484486,d1e1d8750843eda3f6c70363f161fec8fa2006fe,-11807,-10123,2115,-4701,-2361,867,-3743,-312,-1504,1790
1599834799814523052,d288d8d60af3eca0f95704cbed88fd3efe270902,-11640,-10026,2803,-4960,-1705,1227,-4728,-706,-473,2306
1599834799815580887,d29dd8f10b48ec6bf98b04c5ecd8fd4dfe440959,-11619,-9999,2888,-5013,-1653,1221,-4904,-691,-444,2393
1599834799816644128,3c02e7e7eafdc6fe000bb0d3c0d9e20ea1ea4cf8,15362,-6169,-5379,-14594,11,-20269,-16167,-7666,-24086,19704
1599834799858088976,4f0314e779fde5fdf00c1bd3eed9ff0f0dea03f8,20227,5351,31229,-6659,-4084,7123,-4391,-241,3562,1016
1599834799863563019,d58ddac5120fe7e0f5ad00d6e569ff89fe670dd1,-10867,-9531,4623,-6176,-2643,214,-6807,-119,-409,3537
1599834799993103233,d5cfdae51275e788f58e0057e57eff9efec30dee,-10801,-9499,4725,-6264,-2674,87,-6786,-98,-317,3566
1599834800009472096,f526fbe1e58300a106420d88d7f9dca914cfe380,-2778,-1055,-6781,161,1602,3464,-10247,-9047,5327,-7296
1599834800010539762,f51dfb3ee5e9009c07310d47d826dcf614e8e2f6,-2787,-1218,-6679,156,1841,3399,-10202,-8970,5352,-7434
1599834800012354197,9ee713ff830de00b52d8f2e04714c7de58f6c1f8,-24857,5119,-31987,-8181,21208,-3360,18196,-14370,22774,-15880
1599834800040761227,3de737ff670e6d0ab0d8f9e0c614a5ddc4f6daf7,15847,14335,26382,27914,-20264,-1568,-14828,-23075,-15114,-9481
1599834800041641014,d887e5771323d9affa25f62ce8dafebb137b081e,-10105,-6793,4899,-9809,-1499,-2516,-5926,-325,4987,2078
1599834800042721938,d87ee60f12cbd926f9aff57be939ffa613100791,-10114,-6641,4811,-9946,-1617,-2693,-5831,-90,4880,1937
1599834800135895747,15f6afeded0094170304f8d7fdebee0eb9d4b0fb,5622,-20499,-4864,-27625,772,-1833,-533,-4594,-17964,-20229
1599834800137766981,87f6b2ee3400b2176304bdd7e9eca50e24d43efc,-30730,-19730,13312,-19945,25348,-16937,-5652,-23282,9428,16124
1599834800138874106,a3fdaef926f12301e017be024dd75df2560905d1,-23555,-20743,9969,8961,-8169,-16894,19927,24050,22025,1489
1599834800140952514,58fdfef993f160021317b201ffd74ef3090853d1,22781,-263,-27663,24578,4887,-19967,-41,20211,2312,21457
1599834800174563954,d6b5f9a1ff15cf87fea2fc0ff44b071e0d97fd32,-10571,-1631,-235,-12409,-350,-1009,-2997,1822,3479,-718
1599834800175611335,d6a4f9dafe73cf92fe50fc2cf4a507a20d32fcb2,-10588,-1574,-397,-12398,-432,-980,-2907,1954,3378,-846
1599834800176709419,380058fd53f8f00ae009f8f4d2d3ebfcd5f2bfd3,14336,22781,21496,-4086,-8183,-1804,-11565,-5124,-10766,-16429
1599834800218168922,a5004cfd72f9280afd0981f467d3aafce3f21cd4,-23296,19709,29433,10250,-759,-32268,26579,-21764,-7182,7380
1599834800222053743,17004ffd58f95d0b130920f402d368fceff17cd4,5888,20477,22777,23819,4873,8436,723,26876,-4111,31956
1599834800223177257,8d006cfd57f9b50b1808c2f3a4d324fcf9f0e0d5,-29440,27901,22521,-19189,6152,-15629,-23341,9468,-1552,-7979
1599834800308229322,fdc9fa2f0b830749f254d18afd18ed5ad83b0263,-567,-1489,2947,1865,-3500,-11894,-744,-4774,-10181,611
1599834800311293147,fdc7fa1d0b8506daf228d145fd14ecd0d8cf0299,-569,-1507,2949,1754,-3544,-11963,-748,-4912,-10033,665
1599834800313151062,0316ff12fa650b8e030df124cf08fc96e92fddda,790,-238,-1435,2958,781,-3804,-12536,-874,-5841,-8742
1599834800353118163,0329fef0fa4d0bc302abf129cec1fc7ae8ccde86,809,-272,-1459,3011,683,-3799,-12607,-902,-5940,-8570
1599834800358124330,ce38fc49e817dfde02fcff20fa470ae901edf137,-12744,-951,-6121,-8226,764,-224,-1465,2793,493,-3785
1599834800360203872,cdf5fc35e7c2e08902f6ff38fa2d0a9201d8f149,-12811,-971,-6206,-8055,758,-200,-1491,2706,472,-3767
1599834800398091059,cbf0fb73e5fbe5c4045bffd3f98d08d0fd09f291,-13328,-1165,-6661,-6716,1115,-45,-1651,2256,-759,-3439
1599834800404345783,cbabfb4de5ebe66604adffe7f96b08b0fc21f2d9,-13397,-1203,-6677,-6554,1197,-25,-1685,2224,-991,-3367
1599834800443166715,61f9ba0442ec51fc45c509f38def53f25aff3704,25081,-17916,17132,20988,17861,2547,-29201,21490,23295,14084
1599834800443737376,c9f9e90422ebdcfca8c4d1f338f015f2b4feb604,-13831,-5884,8939,-8964,-22332,-11789,14576,5618,-19202,-18940
1599834800488175705,94fa140430eb60fcd3c49bf2e4f0daf311fdbf03,-27398,5124,12523,24828,-11324,-25614,-6928,-9485,4605,-16637
1599834800493004070,f4fa230418eb28fca2c466f297f19df374fcae02,-2822,8964,6379,10492,-23868,26354,-26639,-25101,29948,-20990
1599834800533144003,fbf9820441f511fe21f32cfe6bc379f1eff539f5,-1031,-32252,16885,4606,8691,11518,27587,31217,-4107,14837
1599834800534059047,19fa7d05a4f3f0fd2bf4abff5ac35ff1fcf5aaf5,6650,32005,-23309,-3843,11252,-21505,23235,24561,-779,-21771
1599834800578114999,000867eab5fddbf0fe0037c2b3f1dffa2df5c3fd,8,26602,-18947,-9232,-512,14274,-19471,-8198,11765,-15363
1599834800579869103,7b06c6eb56fdcef084007cc29ff1d8fadaf5e2fc,31494,-14613,22269,-12560,-31744,31938,-24591,-9990,-9483,-7428
1599834800631233658,feb509a7e840f954eec30524c232f2cc00d8f5ec,-331,2471,-6080,-1708,-4413,1316,-15822,-3380,216,-2580
1599834800632224905,fe4b0975e792f9c0ee490523c233f2e501aff5e3,-437,2421,-6254,-1600,-4535,1315,-15821,-3355,431,-2589
1599834800669670099,ea06efe6b5f89bf10007b3c285f42f07e1f54cfd,-5626,-4122,-18952,-25615,7,-19518,-31244,12039,-7691,19709
1599834800670688267,0e075ae70bf89ceffb0887c2a1f46208c0f51cfe,3591,23271,3064,-25361,-1272,-30782,-24076,25096,-16139,7422
1599834800713243860,c2f1f4b70ab5f4c6fda20843e78ff953eabc08f0,-15631,-2889,2741,-2874,-606,2115,-6257,-1709,-5444,2288
1599834800718291619,c324f4d50bc6f4a5fc060826e7b7f9c9e942087e,-15580,-2859,3014,-2907,-1018,2086,-6217,-1591,-5822,2174
1599834800758143306,c520f5d4133cf37dfa200581e421fba9f08d0aae,-15072,-2604,4924,-3203,-1504,1409,-7135,-1111,-3955,2734
1599834800765265130,c568f5f913f6f333fb010510e3b8fc47f0fe0b2b,-15000,-2567,5110,-3277,-1279,1296,-7240,-953,-3842,2859
1599834800803217165,cc0cf6741f3cedd3f54dff57e8260396ec690f4c,-13300,-2444,7996,-4653,-2739,-169,-6106,918,-5015,3916
1599834800809302709,ccb0f6661ff8ed50f4c4fea9e8600427ed2d0f88,-13136,-2458,8184,-4784,-2876,-343,-6048,1063,-4819,3976
1599834800856765580,cdf9f64d214eec3ff3a1fd7ae8de050ceeff0fc6,-12807,-2483,8526,-5057,-3167,-646,-5922,1292,-4353,4038
1599834800858618835,ce9df64121e8ebb2f378fccce9890577efe10fc5,-12643,-2495,8680,-5198,-3208,-820,-5751,1399,-4127,4037
1599834800895979658,d352f6122532e724f2abf92bee26073ff71f0e44,-11438,-2542,9522,-6364,-3413,-1749,-4570,1855,-2273,3652
1599834800897972728,d3d2f6112569e695f29ef8c3eec907aff86c0da7,-11310,-2543,9577,-6507,-3426,-1853,-4407,1967,-1940,3495
1599834800938181360,d66df6c9256be24af49ef738efb80739036c0aa0,-10643,-2359,9579,-7606,-2914,-2248,-4168,1849,876,2720
1599834800944792019,d696f6f3253de1caf52cf72aefc4070a04670a4f,-10602,-2317,9533,-7734,-2772,-2262,-4156,1802,1127,2639
1599834800983267872,d73ff88f234ade51f7b4f861f2be04fc077e078e,-10433,-1905,9034,-8623,-2124,-1951,-3394,1276,1918,1934
1599834800991233079,d744f8cb2306ddf7f802f8caf301049e07c3072d,-10428,-1845,8966,-8713,-2046,-1846,-3327,1182,1987,1837
1599834801163193692,d74afa8720eedb9bfaf9fafaf3fc03d90682052b,-10422,-1401,8430,-9317,-1287,-1286,-3076,985,1666,1323
1599834801177522345,d74dfab120b3db5dfb37fb2af3c903d9061d04f7,-10419,-1359,8371,-9379,-1225,-1238,-3127,985,1565,1271
1599834801179389339,d77cfb8c1f2bd9befa91fd05f441039503c00340,-10372,-1140,7979,-9794,-1391,-763,-3007,917,960,832
1599834801181410038,d783fb9d1f00d993fa9ffd15f45f038903810311,-10365,-1123,7936,-9837,-1377,-747,-2977,905,897,785
1599834801208199510,d7bdfbbe1e0ed895f95efd38f5b3029700f7010d,-10307,-1090,7694,-10091,-1698,-712,-2637,663,247,269
1599834801210344129,d7c2fbb91dfbd882f94ffd3cf5e7027100c800c9,-10302,-1095,7675,-10110,-1713,-708,-2585,625,200,201
1599834801253184190,d7acfb8a1d95d851f8a5fcfef5c900c000a7feca,-10324,-1142,7573,-10159,-1883,-770,-2615,192,167,-310
1599834801254591948,d7a1fb851d8ed857f892fcfdf5c4009a009ffe8b,-10335,-1147,7566,-10153,-1902,-771,-2620,154,159,-373
1599834801256539597,d719fb181d87d8ecf9a6fc52f623001afeeffc16,-10471,-1256,7559,-10004,-1626,-942,-2525,26,-273,-1002
1599834801258511582,d706fafb1d90d90af9e6fc3af5f50010fe95fbce,-10490,-1285,7568,-9974,-1562,-966,-2571,16,-363,-1074
1599834801343268031,d66ff98c1e31da61f9f8fb96f508ffebfbbaf99c,-10641,-1652,7729,-9631,-1544,-1130,-2808,-21,-1094,-1636
1599834801388192395,d65ff94d1e50da97f9f4fb89f4e3fff4fb48f95e,-10657,-1715,7760,-9577,-1548,-1143,-2845,-12,-1208,-1698
1599834801391477732,d619f6861f99dc9df864f8e4f4120100f78af733,-10727,-2426,8089,-9059,-1948,-1820,-3054,256,-2166,-2253
1599834801393388196,d617f6191fc7dce6f836f88ff3ba0124f747f706,-10729,-2535,8135,-8986,-1994,-1905,-3142,292,-2233,-2298
1599834801394485238,d607f28e210adf69f45ff67bf1130142f8aaf598,-10745,-3442,8458,-8343,-2977,-2437,-3821,322,-1878,-2664
1599834801433226017,d5f7f2272120dfc0f3aff5f5f07c0110f97df558,-10761,-3545,8480,-8256,-3153,-2571,-3972,272,-1667,-2728
1599834801438873600,d462f02820a1e25ef486f89fea39ff8802fbf50e,-11166,-4056,8353,-7586,-2938,-1889,-5575,-120,763,-2802
1599834801439943579,d41eeffa2075e2abf53df94de99cffd802e6f513,-11234,-4102,8309,-7509,-2755,-1715,-5732,-40,742,-2797
1599834801478286768,d23beda61eefe565f27bfb0ce4f101600393f1e8,-11717,-4698,7919,-6811,-3461,-1268,-6927,352,915,-3608
1599834801479533531,d1e7ed651e9be5c3f306fb7fe457012a0515f1b4,-11801,-4763,7835,-6717,-3322,-1153,-7081,298,1301,-3660
1599834801523248309,cf24ebae1b79e8bdf922fefee2fe005803e5f200,-12508,-5202,7033,-5955,-1758,-258,-7426,88,997,-3584
1599834801526180861,cedfeb621b25e92ff73cfe6ae3b6015003a1f0a6,-12577,-5278,6949,-5841,-2244,-406,-7242,336,929,-3930
1599834801528040486,cbfcea3616b7ec01f8a601f2e58affb30da8f2b6,-13316,-5578,5815,-5119,-1882,498,-6774,-77,3496,-3402
1599834801530081069,cb9cea2b160cec49f8b40243e62efffe0dacf2b9,-13412,-5589,5644,-5047,-1868,579,-6610,-2,3500,-3399
1599834801568234543,0148ef9bfb0018bbfd06c482f199f96cee7efd34,328,-4197,-1280,6331,-762,-15230,-3687,-1684,-4482,-716
1599834801569438375,018bef8ffa78194dfd97c48ef224f86fee4ffdcc,395,-4209,-1416,6477,-617,-15218,-3548,-1937,-4529,-564
1599834801613239892,01f7ef92fa0b195bfde8c49ef2b0f776ee1efe30,503,-4206,-1525,6491,-536,-15202,-3408,-2186,-4578,-464
1599834801617287046,026eef9ef9de192ffe21c4b3f33df680edeefe43,622,-4194,-1570,6447,-479,-15181,-3267,-2432,-4626,-445
1599834801658239366,f1d9f978186bff64c599f699f0f9ecbafee101c8,-3623,-1672,6251,-156,-14951,-2407,-3847,-4934,-287,456
1599834801662828859,f258f9421898ffaac5d3f732f011ec7fff5d01e5,-3496,-1726,6296,-86,-14893,-2254,-4079,-4993,-163,485
1599834801703330179,f27cf8f518d3001ec612f7cdef2bec3fffc201fa,-3460,-1803,6355,30,-14830,-2099,-4309,-5057,-62,506
1599834801707234445,031ff330f7b7166902c4c84dfc07e98fea360242,799,-3280,-2121,5737,708,-14259,-1017,-5745,-5578,578
1599834801748196262,0329f375f79415d0030bc8abfc9be8e2e9e50295,809,-3211,-2156,5584,779,-14165,-869,-5918,-5659,661
1599834801752705476,cbb900c3e4d4e701030b0472f71ff6480e070622,-13383,195,-6956,-6399,779,1138,-2273,-2488,3591,1570
1599834801793278812,cc160135e487e69a030a04a1f72df61c0ce00659,-13290,309,-7033,-6502,778,1185,-2259,-2532,3296,1625
1599834801798729286,2402600061f974f0e10bae0872d32c0944e234de,9218,24576,25081,29936,-7925,-20984,29395,11273,17634,13534
1599834801845956016,a302b000cff94ef0b00a6a086bd3a709c6e237de,-23806,-20480,-12295,20208,-20470,27144,27603,-22775,-14622,14302
1599834801846836706,2202d50102f96cf09e091e085ed41d0a3fe245dd,8706,-11007,761,27888,-25079,7688,24276,7434,16354,17885
1599834801883206665,a102c70119f9bef0b507d90845d48e0ab2e25ddd,-24318,-14591,6649,-16656,-19193,-9976,17876,-29174,-19742,24029
1599834801884598893,a10cb8e34ada9a044aff49f9e5f00a0338080ad7,-24308,-18205,19162,-26108,19199,18937,-6672,2563,14344,2775
1599834801928275621,060d12e390da1504f8ff34f9b7eff1024a0815d7,1549,4835,-28454,5380,-1793,13561,-18449,-3838,18952,5591
1599834801930126056,d98d0e69e70cd5b80566ff17fa4df0daf85708a9,-9843,3689,-6388,-10824,1382,-233,-1459,-3878,-1961,2217
1599834802018306142,d9d10e6ae79dd5270553ff0cfa5af0eaf7a808c9,-9775,3690,-6243,-10969,1363,-244,-1446,-3862,-2136,2249
1599834802019233021,da970e41e970d37305e5ff1afa81f136f5510926,-9577,3649,-5776,-11405,1509,-230,-1407,-3786,-2735,2342
1599834802021183183,dad60e1fea18d2e105fdff2dfa72f168f431094d,-9514,3615,-5608,-11551,1533,-211,-1422,-3736,-3023,2381
1599834802063285203,dc5e0b39f043ce79019bfef9faf2f426eb6d08d8,-9122,2873,-4029,-12679,411,-263,-1294,-3034,-5267,2264
1599834802108313663,dc890ab9f116cdfd00d2fe93fafdf45ceb7b08a1,-9079,2745,-3818,-12803,210,-365,-1283,-2980,-5253,2209
1599834802111410262,de2006f3f74dcadaff70fdc0f918f6b6ec7507cb,-8672,1779,-2227,-13606,-144,-576,-1768,-2378,-5003,1995
1599834802113256385,de510657f80eca89ffd9fde4f8d5f79feade078d,-8623,1623,-2034,-13687,-39,-540,-1835,-2145,-5410,1933
1599834802114326069,df60fe31fe77c8fdfb6bf8f1f8beff19de5f0412,-8352,-463,-393,-14083,-1173,-1807,-1858,-231,-8609,1042
1599834802198327321,df7cfcf2ff3bc8f7fa76f7e6f8f0ffc0de57039e,-8324,-782,-197,-14089,-1418,-2074,-1808,-64,-8617,926
1599834802198887204,e0f5f2f404a7c9c5f9eaf582f44603ecddcf0342,-7947,-3340,1191,-13883,-1558,-2686,-3002,1004,-8753,834
1599834802201326655,e13bf1900546ca06fa53f577f3a2049ddc6e02d9,-7877,-3696,1350,-13818,-1453,-2697,-3166,1181,-9106,729
1599834802243352547,e323e61a09c3ce07f0f3f50ae88b04addfacfba7,-7389,-6630,2499,-12793,-3853,-2806,-6005,1197,-8276,-1113
1599834802247106126,e340e4f80a1bcea2f0eaf517e7480499e297faad,-7360,-6920,2587,-12638,-3862,-2793,-6328,1177,-7529,-1363
1599834802248893417,e369de600a6fd2d7f708f657e3540752f0c4f6a4,-7319,-8608,2671,-11561,-2296,-2473,-7340,1874,-3900,-2396
1599834802288345510,e367ddab0a4bd359f804f5ebe2f40764f0d5f5ff,-7321,-8789,2635,-11431,-2044,-2581,-7436,1892,-3883,-2561
1599834802293422653,e3b1d79b0965d851faa2f8eadf05081deb95f56f,-7247,-10341,2405,-10159,-1374,-1814,-8443,2077,-5227,-2705
1599834802333266260,e3ccd6c40947d915f96af971decd08a7eb08f510,-7220,-10556,2375,-9963,-1686,-1679,-8499,2215,-5368,-2800
1599834802339299508,e4d5d0bf07abdf57f399fc4fe2500881eef8f488,-6955,-12097,1963,-8361,-3175,-945,-7600,2177,-4360,-2936
1599834802378288855,e4f4d023076de014f328fce8e31b081bef91f49a,-6924,-12253,1901,-8172,-3288,-792,-7397,2075,-4207,-2918
1599834802379085421,e4e7cd2f04c1e47df28b00efe92e01e9fec8f3c1,-6937,-13009,1217,-7043,-3445,239,-5842,489,-312,-3135
1599834802423271152,e4b8cd1f0449e4b3f3be014ce9b900f00147f3e7,-6984,-13025,1097,-6989,-3138,332,-5703,240,327,-3097
1599834802426093347,e2b4cdce00a1e534f7f304deeb37fdd6049df511,-7500,-12850,161,-6860,-2061,1246,-5321,-554,1181,-2799
1599834802468371058,e26fcde60030e550f7d8046ceb7afdbd0457f4cc,-7569,-12826,48,-6832,-2088,1132,-5254,-579,1111,-2868
1599834802470303216,e03bcefcfd2ee5fef98c02dfefa3fc5c0313f794,-8133,-12548,-722,-6658,-1652,735,-4189,-932,787,-2156
1599834802513255836,dffccf19fce9e61cf94102f3f033fc7f0244f7d9,-8196,-12519,-791,-6628,-1727,755,-4045,-897,580,-2087
1599834802516799402,dfc0cf32fca9e63ef8a702f7f064fcae01a5f81c,-8256,-12494,-855,-6594,-1881,759,-3996,-850,421,-2020
1599834802558270561,de32cfddfb1ae740f7e00222f2cafc7d0175f912,-8654,-12323,-1254,-6336,-2080,546,-3382,-899,373,-1774
1599834802565655828,ddfbcffbfae5e75cf8290210f350fc71018af94f,-8709,-12293,-1307,-6308,-2007,528,-3248,-911,394,-1713
1599834802605306899,dc76d0dff97ce822f7ec00b6f5b3fc9e0134fb11,-9098,-12065,-1668,-6110,-2068,182,-2637,-866,308,-1263
1599834802606305565,dc49d0fcf95be835f815009af5e1fc7c0138fb6e,-9143,-12036,-1701,-6091,-2027,154,-2591,-900,312,-1170
1599834802648314266,db05d1c4f8e7e8bef7d7016cf5bbfc7dff3bfdd3,-9467,-11836,-1817,-5954,-2089,364,-2629,-899,-197,-557
1599834802650819757,dae2d1d6f8e8e8d1f7a00186f59efc95ff2ffe0b,-9502,-11818,-1816,-5935,-2144,390,-2658,-875,-209,-501
1599834802693393609,da19d267f903e8f1f8ac01fbf51afd5100550070,-9703,-11673,-1789,-5903,-1876,507,-2790,-687,85,112
1599834802698596576,da0ad273f90fe8ecf8b6022cf507fd88001900bd,-9718,-11661,-1777,-5908,-1866,556,-2809,-632,25,189
1599834802783439572,d9e5d26bfa0de8f4f8d10317f46bfe92fcad033c,-9755,-11669,-1523,-5900,-1839,791,-2965,-366,-851,828
1599834802785881115,d9e7d25cfa46e8fff8c3030cf432feb7fc100392,-9753,-11684,-1466,-5889,-1853,780,-3022,-329,-1008,914
1599834802787865176,da44d190fcbbe985f6100392f2b1ff72fa1e061b,-9660,-11888,-837,-5755,-2544,914,-3407,-142,-1506,1563
1599834802789818012,da58d176fd11e98df61603bdf262ff71fa88065e,-9640,-11914,-751,-5747,-2538,957,-3486,-143,-1400,1630
1599834802828282353,db12d113ff87e8f8f72004f3ef8ffee2fe980810,-9454,-12013,-121,-5896,-2272,1267,-4209,-286,-360,2064
1599834802829014818,db2ed10fffd5e8d3f75404a7ef39fee1fea90861,-9426,-12017,-43,-5933,-2220,1191,-4295,-287,-343,2145
1599834802873357907,dc54d0c802ffe7cff70904beec0cff4bfb490b33,-9132,-12088,767,-6193,-2295,1214,-5108,-181,-1207,2867
1599834802875140362,dc87d0b5037ee7baf6b004dbeb83ff78face0b75,-9081,-12107,894,-6214,-2384,1243,-5245,-136,-1330,2933
1599834802918321709,de9cd001078fe717f286022ae9420113fb690cd8,-8548,-12287,1935,-6377,-3450,554,-5822,275,-1175,3288
1599834802923026006,dee8cff3080de6f4f26201e9e97f0116fc050d0b,-8472,-12301,2061,-6412,-3486,489,-5761,278,-1019,3339
1599834802963362959,e14ad04c0b40e499f1feff2be96b015904dd0da8,-7862,-12212,2880,-7015,-3586,-213,-5781,345,1245,3496
1599834802971320099,e190d0740b8ce426f287fed4e8e0015605cd0da7,-7792,-12172,2956,-7130,-3449,-300,-5920,342,1485,3495
1599834803008405885,e400d1e40d87e054f53ff9f2e89c02d707880d1c,-7168,-11804,3463,-8108,-2753,-1550,-5988,727,1928,3356
1599834803009431172,e452d21b0dbadfd2f4e0f9eee8c902cd08370cfe,-7086,-11749,3514,-8238,-2848,-1554,-5943,717,2103,3326
1599834803053370297,e633d4e90e5cdb04f587f790eb370167104b0a4d,-6605,-11031,3676,-9468,-2681,-2160,-5321,359,4171,2637
1599834803056355033,e658d5640e56da5bf5f3f797eb26013d10dd09f7,-6568,-10908,3670,-9637,-2573,-2153,-5338,317,4317,2551
1599834803098285504,e707d9f60d70d50bf6d5f82cee1f007b154806e7,-6393,-9738,3440,-10997,-2347,-2004,-4577,123,5448,1767
1599834803101878673,e70edaa40d3ed460f76bf844eec0006415ca06b8,-6386,-9564,3390,-11168,-2197,-1980,-4416,100,5578,1720
1599834803143378753,e740e0830b65cf65fb19fa40efc200a11624057f,-6336,-8061,2917,-12443,-1255,-1472,-4158,161,5668,1407
1599834803147941071,e748e1430b1eced6fafdfa6eefd800da163a053f,-6328,-7869,2846,-12586,-1283,-1426,-4136,218,5690,1343
1599834803188317235,e758e7bb084ecacdfcb6fabaf0a701a317a60295,-6312,-6213,2126,-13619,-842,-1350,-3929,419,6054,661
1599834803194996580,e754e88d07e5ca60fcfdfa9ef0ac01d1175a0231,-6316,-6003,2021,-13728,-771,-1378,-3924,465,5978,561
1599834803240958466,e71aeeb7043dc7cafe7efa63f1ea03b51494ff66,-6374,-4425,1085,-14390,-386,-1437,-3606,949,5268,-154
1599834803242857542,e710ef6503c0c791fec2fa9df1b9041113bbff1b,-6384,-4251,960,-14447,-318,-1379,-3655,1041,5051,-229
1599834803278464455,e695f323ffbec6b0fe18fb87f2e407460bf1fbdc,-6507,-3293,-66,-14672,-488,-1145,-3356,1862,3057,-1060
1599834803368346003,e679f377ff37c6abfdd9fb82f38b07750bc0fb6f,-6535,-3209,-201,-14677,-551,-1150,-3189,1909,3008,-1169
1599834803371454335,e520f64cfa94c6fcff3afc48f4cd08b60c19f7e9,-6880,-2484,-1388,-14596,-198,-952,-2867,2230,3097,-2071
1599834803373378566,e4e7f69bf9f7c71aff78fc6df4f308f40b71f786,-6937,-2405,-1545,-14566,-136,-915,-2829,2292,2929,-2170
1599834803374490239,e292f7eef549c8c5ff5ffd13f77c0a3b0563f453,-7534,-2066,-2743,-14139,-161,-749,-2180,2619,1379,-2989
1599834803413351902,e237f800f4bbc910ff71fd4cf7810a4a0513f402,-7625,-2048,-2885,-14064,-143,-692,-2175,2634,1299,-3070
1599834803458394586,df1af88af041cbf0ffe2fe0af8350ab704c9f18f,-8422,-1910,-4031,-13328,-30,-502,-1995,2743,1225,-3697
1599834803464021641,deb0f8a1efb0cc5dfff9fdfaf8950ab804d6f14b,-8528,-1887,-4176,-13219,-7,-518,-1899,2744,1238,-3765
1599834803465837781,db5ff986eb72d02400fafe33f9c2096e04a5f063,-9377,-1658,-5262,-12252,250,-461,-1598,2414,1189,-3997
1599834803503404197,daf9f9a9eaf4d0a6013cfe26f9b5094a04a0f066,-9479,-1623,-5388,-12122,316,-474,-1611,2378,1184,-3994
1599834803509907492,d7e8fa74e7a6d4cf0313feccfa5b086600c6f19e,-10264,-1420,-6234,-11057,787,-308,-1445,2150,198,-3682
1599834803511871547,d786fa72e75bd5570334fec3fa79085bffb0f1e1,-10362,-1422,-6309,-10921,820,-317,-1415,2139,-80,-3615
1599834803548334015,d410f94ce69bd99401ffff39f8ee0660f6e9f388,-11248,-1716,-6501,-9836,511,-199,-1810,1632,-2327,-3192
1599834803549080688,d39df912e6acda18019bff6af8a70615f673f3d6,-11363,-1774,-6484,-9704,411,-150,-1881,1557,-2445,-3114
1599834803593284046,d03ff6f1e7fcddfc0211012af96b04a4f13cf680,-12225,-2319,-6148,-8708,529,298,-1685,1188,-3780,-2432
1599834803594734424,cfcdf68ee85ade7602100172f9010484ef8ff6e2,-12339,-2418,-6054,-8586,528,370,-1791,1156,-4209,-2334
1599834803638454293,cc5cf2d3ecb8e243fc8d023bf63702fdebe0f9db,-13220,-3373,-4936,-7613,-883,571,-2505,765,-5152,-1573
1599834803639576372,cc06f268ed48e2affc70026df66a02afec93fa2f,-13306,-3480,-4792,-7505,-912,621,-2454,687,-4973,-1489
1599834803683435129,c993ef41f2cce5eefcef0563f7a8ffa1e667fc4b,-13933,-4287,-3380,-6674,-785,1379,-2136,-95,-6553,-949
1599834803685357609,c948eed3f3c0e65efbef0602f6e9ff59e550fc8d,-14008,-4397,-3136,-6562,-1041,1538,-2327,-167,-6832,-883
1599834803773478437,c7adec6bfaaee95df80008c7ef51fc5fed7ffe8b,-14419,-5013,-1362,-5795,-2048,2247,-4271,-929,-4737,-373
1599834803774551750,c78dec45fb66e9a6f8da093eeecffc18edd0fed0,-14451,-5051,-1178,-5722,-1830,2366,-4401,-1000,-4656,-304
1599834803776497837,097ae8affeeaeb0e0125c747ea2c02b1ec1ff8d4,2426,-5969,-278,-5362,293,-14521,-5588,689,-5089,-1836
1599834803778453942,092ce829fefdeb9b0138c755e9e80379ec62f857,2348,-6103,-259,-5221,312,-14507,-5656,889,-5022,-1961
1599834803818415382,ee2df9cd08a2e7fa012fe633043ec897e76e0aaa,-4563,-1587,2210,-6150,303,-6605,1086,-14185,-6290,2730
1599834803824259022,ee70f939084ee7c00221e49e04f0c8f0e6fa0bcb,-4496,-1735,2126,-6208,545,-7010,1264,-14096,-6406,3019
1599834803863448121,1c1630f00df25901a5e81f032bf1ff0896ce3ae2,7190,12528,3570,22785,-23064,7939,11249,-248,-26930,15074
1599834803870193050,f616c8eff9f2ad012de7c6032bf2f208e8ce9ae2,-2538,-14097,-1550,-21247,11751,-14845,11250,-3576,-5938,-25886
1599834803998490135,cf57e2a91871ef90f2abffc5e85102dbf55e0a49,-12457,-7511,6257,-4208,-3413,-59,-6063,731,-2722,2633
1599834803999968499,cfb2e29e18f8ef62f296ff8fe88a0271f5f70aa6,-12366,-7522,6392,-4254,-3434,-113,-6006,625,-2569,2726
1599834804051722854,d23fe30e1ca2ed6df02efe3fe60c014ffbca0c8b,-11713,-7410,7330,-4755,-4050,-449,-6644,335,-1078,3211
1599834804052764320,d282e3361cfced15f0cafe17e65b00e6fd0d0ce0,-11646,-7370,7420,-4843,-3894,-489,-6565,230,-755,3296
1599834804054740873,fc5fe93501eeff610d17d48be50e1f38e97cf6fd,-929,-5835,494,-159,3351,-11125,-6898,7992,-5764,-2307
1599834804088527259,fc1ee9900258fe800d34d4dee5341f83e916f715,-994,-5744,600,-384,3380,-11042,-6860,8067,-5866,-2283
1599834804090094229,4cf2b6faa6eddc040bfe250d11d7d4e63c21b5e5,19698,-18694,-22803,-9212,3070,9485,4567,-11034,15393,-18971
1599834804091996163,e1f253faa6eec003deff040cd8d823e66b21e2e5,-7694,21498,-22802,-16381,-8449,1036,-10024,9190,27425,-7451
1599834804093967895,d97ae84e2238e256f532f9c5f41a02c8069d0afc,-9862,-6066,8760,-7594,-2766,-1595,-3046,712,1693,2812
1599834804133505203,d995e8a12229e1e2f5d9f9bff44802a8073e0aa3,-9835,-5983,8745,-7710,-2599,-1601,-3000,680,1854,2723
1599834804137836827,deb0f6fafaa0f50d0216051d08c6da91eb5d21b9,-8528,-2310,-1376,-2803,534,1309,2246,-9583,-5283,8633
1599834804178553557,de5bf714fa5df53701f204ff088fdaafeba121b0,-8613,-2284,-1443,-2761,498,1279,2191,-9553,-5215,8624
1599834804182684546,f96cfaf1f6e8017200f006cfdbd1ed4f21c7dbfd,-1684,-1295,-2328,370,240,1743,-9263,-4785,8647,-9219
1599834804223508778,f956fadbf6db01a000100687dc05ed6621d8dbcd,-1706,-1317,-2341,416,16,1671,-9211,-4762,8664,-9267
1599834804230807016,fb1af6af01d9ff970434dd7aedca224bdaa0f704,-1254,-2385,473,-105,1076,-8838,-4662,8779,-9568,-2300
1599834804232750756,fb20f6e601d3000603c9dd97edd7224bda80f70a,-1248,-2330,467,6,969,-8809,-4649,8779,-9600,-2294
1599834804276134355,c9f811fb52f7fd020100500117de1cee08220dd9,-13832,4603,21239,-766,256,20481,6110,7406,2082,3545
1599834804277171168,b8f809fb7bf7f00210ffdf00c4de2cedfb2207d9,-18184,2555,31735,-4094,4351,-8448,-15138,11501,-1246,2009
1599834804313506272,f3fabcf7a8024ffcd3fe0edeadecec21f7d9aff6,-3078,-17161,-22526,20476,-11266,3806,-21012,-5087,-2087,-20490
1599834804448593830,cffaaef783024dfc96fdb8debaecba21f6d9bcf6,-12294,-20745,-31998,19964,-26883,-18210,-17684,-17887,-2343,-17162
1599834804461397154,4ff6c8fa6af66401d3fd80fb01deb2eb1221b9da,20470,-14086,27382,25601,-11267,-32517,478,-19733,4641,-17958
1599834804493466992,6df719fa12f62101d7fd39faabdeabead121afda,28151,6650,4854,8449,-10243,14842,-21538,-21526,-11999,-20518
1599834804494182222,cff89cf212025bf739f83edeeee7c621c0dc45f3,-12296,-25358,4610,23543,14840,16094,-4377,-14815,-16164,17907
1599834804496132965,e8f830f1870292f780f7b8def8e75321bfdc8af3,-5896,12529,-30974,-27913,-32521,-18210,-1817,21281,-16420,-29965
1599834804538514634,dd1de345205ae043f38df8d6e75aff330170f208,-8931,-7355,8282,-8125,-3187,-1834,-6310,-205,368,-3576
1599834804539444419,dcc4e3022011e099f35df8e9e692ff2c0226f1a0,-9020,-7422,8209,-8039,-3235,-1815,-6510,-212,550,-3680
1599834804541458884,e2ddf4fbfca3e56cff6d07d4f16ed916e1601c74,-7459,-2821,-861,-6804,-147,2004,-3730,-9962,-7840,7284
1599834804543394192,e31cf574fcd4e598ffaf07e9f157d8ade1381bf6,-7396,-2700,-812,-6760,-81,2025,-3753,-10067,-7880,7158
1599834804628455734,a3e525f604fe0ce6fa015c05d7f26dd602dfbc18,-23579,9718,1278,3302,-1535,23557,-10254,28118,735,-17384
1599834804631748238,2be564f5b1fe8ae763017205d1f290d5badf8d17,11237,25845,-19970,-29977,25345,29189,-11790,-28459,-17697,-29417
1599834804632852547,e721f49ffed9eb6e010c081ff412d38ade7c13a1,-6367,-2913,-295,-5266,268,2079,-3054,-11382,-8580,5025
1599834804673554393,e749f48dfef5ebbb00f00872f471d344de6f1319,-6327,-2931,-267,-5189,240,2162,-2959,-11452,-8593,4889
1599834804677033836,d274de671175e7bef41e0086ecfc00610a3af5df,-11660,-8601,4469,-6210,-3042,134,-4868,97,2618,-2593
1599834804678094477,d22fde6e10e6e7d3f4040149ed6700310a85f608,-11729,-8594,4326,-6189,-3068,329,-4761,49,2693,-2552
1599834804718581436,cff5df180c06e850f478019fefe5ff410e05f64f,-12299,-8424,3078,-6064,-2952,415,-4123,-191,3589,-2481
1599834804719745375,cfacdf450b54e850f4a6018df015ff0a0ee8f695,-12372,-8379,2900,-6064,-2906,397,-4075,-246,3816,-2411
1599834804724640743,cd94e195050ee771f8230362f06dfe701435f8e2,-12908,-7787,1294,-6287,-2013,866,-3987,-400,5173,-1822
1599834804763494737,cd5fe1ee043ce748f840037bf041fe781424f90b,-12961,-7698,1084,-6328,-1984,891,-4031,-392,5156,-1781
1599834804770064248,cc27e54cfd45e5c6f8b9035df098fd4f19c6f9e2,-13273,-6836,-699,-6714,-1863,861,-3944,-689,6598,-1566
1599834804817122559,cc0ee5e5fc3ce57ff9400301f0effce01b59fa0c,-13298,-6683,-964,-6785,-1728,769,-3857,-800,7001,-1524
1599834804818961397,cc3bebf5f38fe2adfeff0369f095fa6a1e3efcee,-13253,-5131,-3185,-7507,-257,873,-3947,-1430,7742,-786
1599834804820916271,cc5decc3f297e255ff0f0349f0a5fa231d73fd3c,-13219,-4925,-3433,-7595,-241,841,-3931,-1501,7539,-708
1599834804855488604,cdf7f354ec3ddfba00ad0320f280f6f71871ffad,-12809,-3244,-5059,-8262,173,800,-3456,-2313,6257,-83
1599834804857348783,ce37f427eba0df680107031ef27cf6c217a4fffe,-12745,-3033,-5216,-8344,263,798,-3460,-2366,6052,-2
1599834804898466894,d4c9033ae6d7d82f02fc01c2f46af196093d05e1,-11063,826,-6441,-10193,764,450,-2966,-3690,2365,1505
1599834804943533256,d52503c8e6f5d7c602f601ccf484f16c08a40644,-10971,968,-6411,-10298,758,460,-2940,-3732,2212,1604
1599834804944984658,d44c03b701bcf5def0d3059d0896d8bd0816e8c3,-11188,951,444,-2594,-3885,1437,2198,-10051,2070,-5949
1599834804988555096,d3d903d601b2f606f0b0054b08d7d92f0880e909,-11303,982,434,-2554,-3920,1355,2263,-9937,2176,-5879
1599834804993989767,d36403d60195f61bf09504ed0913d9a208e6e953,-11420,982,405,-2533,-3947,1261,2323,-9822,2278,-5805
1599834804995853198,d2ef03de017df645f086047b0956da180946e9a2,-11537,990,381,-2491,-3962,1147,2390,-9704,2374,-5726
1599834805033576710,e8018bf62bf08d02300adedd060b2cebb7cfa903,-6143,-29706,11248,-29438,12298,-8483,1547,11499,-18481,-22269
1599834805040137906,f7018af654f0a101e00b0edd8a0b6eec16cf3304,-2303,-29962,21744,-24319,-8181,3805,-30197,28396,5839,13060
1599834805078663902,e1180c52ef16cc01050900d6f75af1e0fb4b0be2,-7912,3154,-4330,-13311,1289,214,-2214,-3616,-1205,3042
1599834805085506523,e1920c43ef99cb8d04d400e5f74df216fa140be2,-7790,3139,-4199,-13427,1236,229,-2227,-3562,-1516,3042
1599834805131145890,0345fff1f833f3dff5e50bbce5a50a5cf48fc7c1,837,-15,-1997,-3105,-2587,3004,-6747,2652,-2929,-14399
1599834805133012691,034fffdcf88af40bf5f00bb1e61a0a18f51bc763,847,-36,-1910,-3061,-2576,2993,-6630,2584,-2789,-14493
1599834805170023774,e93307aaf8d3c520039aff5bf8f5f69bf2a30ad8,-5837,1962,-1837,-15072,922,-165,-1803,-2405,-3421,2776
1599834805171962856,e99b072ef95bc4d90347ff0ef8ebf6fcf1c90aa5,-5733,1838,-1701,-15143,839,-242,-1813,-2308,-3639,2725
1599834805213621795,6ec3240084fdaff803f9d5eda40866eccd0190fd,28355,9216,-31491,-20488,1017,-10771,-23544,26348,-13055,-28419
1599834805303684435,eac3000034fdaaf7e6fa35ed11080aed1a00cefe,-5437,0,13565,-21769,-6406,13805,4360,2797,6656,-12546
1599834805310297172,edeefe41ffaec2a0fefcfd84f7cbfd09e9ae068f,-4626,-447,-82,-15712,-260,-636,-2101,-759,-5714,1679
1599834805312152468,ee2efd510012c296fe98fd3bf7cafdbde8db060a,-4562,-687,18,-15722,-360,-709,-2102,-579,-5925,1546
1599834805314182459,ef6cf53f0257c32bfcaff9d1f7040216e85e0166,-4244,-2753,599,-15573,-849,-1583,-2300,534,-6050,358
1599834805348599491,ef85f4420285c355fc45f9d7f6d30271e8bb0104,-4219,-3006,645,-15531,-955,-1577,-2349,625,-5957,260
1599834805393625303,efd9ecab02ccc53bfac8f815f6a7072ceb67fc9d,-4135,-4949,716,-15045,-1336,-2027,-2393,1836,-5273,-867
1599834805395163652,efd8ebc502aec587fac3f7c4f697079bebc0fc58,-4136,-5179,686,-14969,-1341,-2108,-2409,1947,-5184,-936
1599834805438647005,efbee44c018ec8aafe19f6f3f19e08c7e708f9d1,-4162,-7092,398,-14166,-487,-2317,-3682,2247,-6392,-1583
1599834805441255747,efb4e32a0164c940fd9bf648f0c5093fe527f949,-4172,-7382,356,-14016,-613,-2488,-3899,2367,-6873,-1719
1599834805483643680,ef9fd93bff7ccfc9f037f245eac30e4be81bf678,-4193,-9925,-132,-12343,-4041,-3515,-5437,3659,-6117,-2440
1599834805484914546,efbbd85bff00d078f157efcde9ea0f05eae9f703,-4165,-10149,-256,-12168,-3753,-4147,-5654,3845,-5399,-2301
1599834805537097913,effed47afae3d430f26cf292e4d00a61feb5f613,-4098,-11142,-1309,-11216,-3476,-3438,-6960,2657,-331,-2541
1599834805539081640,f003d46afa4cd451f346f279e3c609a9016ff63b,-4093,-11158,-1460,-11183,-3258,-3463,-7226,2473,367,-2501
1599834805575506568,f01dd3ecf642d580fc5ff77fe3d707dff987f79a,-4067,-11284,-2494,-10880,-929,-2177,-7209,2015,-1657,-2150
1599834805576578263,f011d39af5e1d5f1fbd5f80ce45307bef724f7b1,-4079,-11366,-2591,-10767,-1067,-2036,-7085,1982,-2268,-2127
1599834805578510107,eedfd159f371d9acf7effee9e29802f2f7f5f5db,-4385,-11943,-3215,-9812,-2065,-279,-7528,754,-2059,-2597
1599834805580532374,eea0d128f31bda21f82effa9e2a002f5f7c1f543,-4448,-11992,-3301,-9695,-2002,-87,-7520,757,-2111,-2749
1599834805618728400,ec1ecfa2f02bdeabf6d40058e7c00234f238f21e,-5090,-12382,-4053,-8533,-2348,88,-6208,564,-3528,-3554
1599834805626743189,ebbecf68efdbdf61f6150040e8330219f1e6f2a2,-5186,-12440,-4133,-8351,-2539,64,-6093,537,-3610,-3422
1599834805663706796,e88ccebaedfbe3d4f4cf03d6ed2ffd9ff8b4f52e,-6004,-12614,-4613,-7212,-2865,982,-4817,-609,-1868,-2770
1599834805665827628,e82fcec5edc1e435f455044dedb6fd60f9def55a,-6097,-12603,-4671,-7115,-2987,1101,-4682,-672,-1570,-2726
1599834805708629401,e58ad00aeb9ee5eaf7b3039ff135fbccffbaf5fb,-6774,-12278,-5218,-6678,-2125,927,-3787,-1076,-70,-2565
1599834805711354284,e539d03deb5ee611f7e70355f198fbaeffa0f647,-6855,-12227,-5282,-6639,-2073,853,-3688,-1106,-96,-2489
1599834805753667625,e30ad1e9e9b0e6cbf8040389f477fa0f02b4f958,-7414,-11799,-5712,-6453,-2044,905,-2953,-1521,692,-1704
1599834805758928284,e2cbd22ce983e6c0f874038cf4b3fa100328f9a1,-7477,-11732,-5757,-6464,-1932,908,-2893,-1520,808,-1631
1599834805798727946,a0e66bf8c30199f58efa19fff6fd71dfd4d4dee8,-24346,27640,-15615,-26123,-28934,6655,-2307,29151,-11052,-8472
1599834805843679715,a7e663f8c7017df5b0fa19fffdfdd6dfa2d504e8,-22554,25592,-14591,32245,-20230,6655,-515,-10529,-23851,1256
1599834805888676921,df1dd568e8dce634f85a01adf4d9faa6ffd9ff8b,-8419,-10904,-5924,-6604,-1958,429,-2855,-1370,-39,-117
1599834805889338101,def6d582e8f2e628f84501c6f50cfad7ff96ffea,-8458,-10878,-5902,-6616,-1979,454,-2804,-1321,-106,-22
1599834805891285259,de0ed5abea1be610f7b10215f38bfd1efc43029f,-8690,-10837,-5605,-6640,-2127,533,-3189,-738,-957,671
1599834805893103663,ddfbd59bea51e617f7ad0223f33efd59fbf502f4,-8709,-10853,-5551,-6633,-2131,547,-3266,-679,-1035,756
1599834805933704244,ddd7d4caec27e627f8750352f383fef7fca60564,-8745,-11062,-5081,-6617,-1931,850,-3197,-265,-858,1380
1599834805934885754,dde0d4a9ec65e620f889034ff33bff2bfcac05b7,-8736,-11095,-5019,-6624,-1911,847,-3269,-213,-852,1463
1599834806068698873,de2fd316ef33e66ff79b0409f0840000f5dd07f6,-8657,-11498,-4301,-6545,-2149,1033,-3964,0,-2595,2038
1599834806113694411,de38d2c8efb1e69df6f50417f0480038f4d2083c,-8648,-11576,-4175,-6499,-2315,1047,-4024,56,-2862,2108
1599834806116140900,deb8d047f412e824f21902f5f0f40095f6600a78,-8520,-12217,-3054,-6108,-3559,757,-3852,149,-2464,2680
1599834806118102037,dedbd009f493e832f12202c9f07f008ef7e60ac2,-8485,-12279,-2925,-6094,-3806,713,-3969,142,-2074,2754
1599834806158610630,e03acf16f7dae6f1f2910224ecb9ff67ffa60bff,-8134,-12522,-2086,-6415,-3439,548,-4935,-153,-90,3071
1599834806203675338,e06fcefff841e6bbf25b01f0ecadffc1ff680c34,-8081,-12545,-1983,-6469,-3493,496,-4947,-63,-152,3124
1599834806204434427,e2a8cea9fb25e41ff3f500a1ea73009f06960dbc,-7512,-12631,-1243,-7137,-3083,161,-5517,159,1686,3516
1599834806206372685,e2fdceb6fb72e3a3f4700071e9b700c9071f0e04,-7427,-12618,-1166,-7261,-2960,113,-5705,201,1823,3588
1599834806207501808,e613ced2fe27e058f502fe7ce92a02d9034c0eae,-6637,-12590,-473,-8104,-2814,-388,-5846,729,844,3758
1599834806248629863,e683cecafe83e004f4abfe41e9270309032e0eaf,-6525,-12598,-381,-8188,-2901,-447,-5849,777,814,3759
1599834806255919964,ea2ccee10108dd45f353fc6ce903040805d90d2e,-5588,-12575,264,-8891,-3245,-916,-5885,1032,1497,3374
1599834806256951455,eaa1cef20144dce8f383fc0be9280439062c0ce3,-5471,-12558,324,-8984,-3197,-1013,-5848,1081,1580,3299
1599834806293707332,ee31d00d0274d99cf22ff8ecec4c04e20bb00a17,-4559,-12275,628,-9828,-3537,-1812,-5044,1250,2992,2583
1599834806338700209,ee99d052027ed917f256f899ec6b04c90ce909be,-4455,-12206,638,-9961,-3498,-1895,-5013,1225,3305,2494
1599834806383708777,f157d4020218d3eff4b9f73eef37039b15c706f4,-3753,-11262,536,-11281,-2887,-2242,-4297,923,5575,1780
1599834806384374093,f19fd4a701f8d334f4e4f715efb0036816d8069c,-3681,-11097,504,-11468,-2844,-2283,-4176,872,5848,1692
1599834806385334321,f332dc5100d4cc71fc59f87ef0a100bd202b03d9,-3278,-9135,212,-13199,-935,-1922,-3935,189,8235,985
1599834806387289817,f358dd620097cbaefd26f87af086019b1efe0342,-3240,-8862,151,-13394,-730,-1926,-3962,411,7934,834
1599834806428673353,f47ce4defe7dc735fdf3f8aaf1ca02b318690118,-2948,-6946,-387,-14539,-525,-1878,-3638,691,6249,280
1599834806434697129,f49ae5c4fe38c6c6fe1ff8f6f1fb02b6181500d5,-2918,-6716,-456,-14650,-481,-1802,-3589,694,6165,213
1599834806473731802,f555ec26fbc1c43fff78fabbf2f6050611b4fecb,-2731,-5082,-1087,-15297,-136,-1349,-3338,1286,4532,-309
1599834806518696926,f566eccafb67c40dff3afadbf32f054310d6fe84,-2714,-4918,-1177,-15347,-198,-1317,-3281,1347,4310,-380
1599834806523007233,f56ef17ff82fc311fdeafadff43806f90eaffb7e,-2706,-3713,-2001,-15599,-534,-1313,-3016,1785,3759,-1154
1599834806524108700,f55df210f7bbc301fe2dfaf3f4d107460e5cfadc,-2723,-3568,-2117,-15615,-467,-1293,-2863,1862,3676,-1316
1599834806526042195,f39cf841f17ec366fedcfc0df6520a060c73f64a,-3172,-1983,-3714,-15514,-292,-1011,-2478,2566,3187,-2486
1599834806616966535,f360f8caf0eac386fefdfc14f6840a140c8df5fb,-3232,-1846,-3862,-15482,-259,-1004,-2428,2580,3213,-2565
1599834806618865064,e829fff9e4b5cb3e0253fcd4f8650836fd02f0e2,-6103,-7,-6987,-13506,595,-812,-1947,2102,-766,-3870
1599834806620823164,e78efffee479cba50261fce8f80007fcfc5af0ec,-6258,-2,-7047,-13403,609,-792,-2048,2044,-934,-3860
1599834806622766929,e6f2fffee443cc0c026dfceaf80f07c3fbc6f0fa,-6414,-2,-7101,-13300,621,-790,-2033,1987,-1082,-3846
1599834806656067136,e654fffae413cc73028bfd08f7d10787fb35f107,-6572,-6,-7149,-13197,651,-760,-2095,1927,-1227,-3833
1599834806698789487,02e3fde3f883067cf718f1ede1e5ff3be362cf50,739,-541,-1917,1660,-2280,-3603,-7707,-197,-7326,-12464
1599834806705952084,02d5fdf3f889064ff60bf22ce13cff00e364cfba,725,-525,-1911,1615,-2549,-3540,-7876,-256,-7324,-12358
1599834806707864151,02b5fe1ff89a062bf4fdf269e092febce36fd023,693,-481,-1894,1579,-2819,-3479,-8046,-324,-7313,-12253
1599834806709804194,dc78fc6ae47cd29200a3ff32f9300472edb9f494,-9096,-918,-7044,-11630,163,-206,-1744,1138,-4679,-2924
1599834806743718583,dbc9fbeee4c8d2f90042ff64f93a0446ecfff4e9,-9271,-1042,-6968,-11527,66,-156,-1734,1094,-4865,-2839
1599834806745251659,d6a5f744e818d64ffd900101f86503d8e7e3f7a5,-10587,-2236,-6120,-10673,-624,257,-1947,984,-6173,-2139
1599834806788688118,d60bf694e8a0d6c2fd030110f82c03f4e726f7f6,-10741,-2412,-5984,-10558,-765,272,-2004,1012,-6362,-2058
1599834806791688895,d1a2f07fee60daa5f9d60320fb9d00e0dff1fa98,-11870,-3969,-4512,-9563,-1578,800,-1123,224,-8207,-1384
1599834806833786710,d11fefb7ef5bdb2cf98b0392fc430029deeafaeb,-12001,-4169,-4261,-9428,-1653,914,-957,41,-8470,-1301
1599834806837381577,d1f1d9082cf6f2f916e4a5fbc4cd36ea84f914e0,-11791,-9976,11510,-3335,5860,-23045,-15155,14058,-31495,5344
1599834806968777961,42f12b0940f4d7f888e8b7fc3eccf2ea61f9d3e0,17137,11017,16628,-10248,-30488,-18436,16076,-3350,25081,-11296
1599834807058841347,cba1ebd8fc17e179fa2c0edfe7d8f858f85efeb5,-13407,-5160,-1001,-7815,-1492,3807,-6184,-1960,-1954,-331
1599834807060338373,cb7cebd1fc9ce1adfab20ec4e73bf8faf454fe9f,-13444,-5167,-868,-7763,-1358,3780,-6341,-1798,-2988,-353
1599834807062234588,cb01ea5300a9e367fa630d4ee4f3fb10e61701ac,-13567,-5549,169,-7321,-1437,3406,-6925,-1264,-6633,428
1599834807064247714,cafde9f401b5e3c3f8d60db0e4aafb0ce5cb015e,-13571,-5644,437,-7229,-1834,3504,-6998,-1268,-6709,350
1599834807103831055,0957e73afeadeae205ebcc5fe68a0baae693f5aa,2391,-6342,-339,-5406,1515,-13217,-6518,2986,-6509,-2646
1599834807108364195,08fbe764ff28ea9306c9ccace6380c89e6b3f4a0,2299,-6300,-216,-5485,1737,-13140,-6600,3209,-6477,-2912
1599834807148808879,cdf2e53e0f99e6def32c0788e643ffa9f0760920,-12814,-6850,3993,-6434,-3284,1928,-6589,-87,-3978,2336
1599834807152992119,ce47e5101044e6d4f3290741e602ffe2f16a098a,-12729,-6896,4164,-6444,-3287,1857,-6654,-30,-3734,2442
1599834807193829333,d16de3d51509e5b5f2c60321e97302a4f4920d34,-11923,-7211,5385,-6731,-3386,801,-5773,676,-2926,3380
1599834807198091286,d2e2e38616bce4eef1ba0298e9bb02e0f5840e79,-11550,-7290,5820,-6930,-3654,664,-5701,736,-2684,3705
1599834807199166444,d623e2f519c7e318f00a00bfe9dc0573f6470f3c,-10717,-7435,6599,-7400,-4086,191,-5668,1395,-2489,3900
1599834807201132190,d6bde2da1a41e2c3eff90088ea2405c0f65d0f52,-10563,-7462,6721,-7485,-4103,136,-5596,1472,-2467,3922
1599834807246712587,dbe6e1fd1d68dff2ee9bfd08ef2e089af95c0f11,-9242,-7683,7528,-8206,-4453,-760,-4306,2202,-1700,3857
1599834807247660430,dc87e1f41daadf84ee4dfc93ef9808aafacc0f17,-9081,-7692,7594,-8316,-4531,-877,-4200,2218,-1332,3863
1599834807248780813,e06de31e1e6fdb69f289fb25f0c0079004620da7,-8083,-7394,7791,-9367,-3447,-1243,-3904,1936,1122,3495
1599834807283798698,e0d8e3541e6edae3f31bfb14f12f07bc04370d59,-7976,-7340,7790,-9501,-3301,-1260,-3793,1980,1079,3417
1599834807336735350,e45ee4b31e35d714f3ddf967f4fb083703220bac,-7074,-6989,7733,-10476,-3107,-1689,-2821,2103,802,2988
1599834807338551119,e4c9e4e51e27d6a0f2fdf940f58407f803b00bc2,-6967,-6939,7719,-10592,-3331,-1728,-2684,2040,944,3010
1599834807340556726,e662e9511d30d276f71dfab4f6600369106c0b05,-6558,-5807,7472,-11658,-2275,-1356,-2464,873,4204,2821
1599834807373813079,e675e9ee1cf7d1fbf825fb17f5f803e30f7509d1,-6539,-5650,7415,-11781,-2011,-1257,-2568,995,3957,2513
1599834807374910371,e7d0ec2e1b61cf54f82dfa48f77105cf03c9058e,-6192,-5074,7009,-12460,-2003,-1464,-2191,1487,969,1422
1599834807376769059,e802ec501b39cf17f871fa57f7820592038a054c,-6142,-5040,6969,-12521,-1935,-1449,-2174,1426,906,1356
1599834807377844767,e965ecea1a2bcda3f9d2fbd3f7a104a000b7030d,-5787,-4886,6699,-12893,-1582,-1069,-2143,1184,183,781
1599834807463714196,e98dece91a0ecd84f9b3fbe7f7b50484005302b8,-5747,-4887,6670,-12924,-1613,-1049,-2123,1156,83,696
1599834807508786154,e931e9ca1834ce08f80afb5ef4c30037fd31f841,-5839,-5686,6196,-12792,-2038,-1186,-2877,55,-719,-1983
1599834807511825732,e8fbe9861824ce37f888fb07f4770041fc67f7af,-5893,-5754,6180,-12745,-1912,-1273,-2953,65,-921,-2129
1599834807513759274,e8c6e9391816ce6cf8acfaadf4560050fb78f73b,-5946,-5831,6166,-12692,-1876,-1363,-2986,80,-1160,-2245
1599834807553795244,e892e8e31809cea6f865fa74f44c0057fa99f6ed,-5998,-5917,6153,-12634,-1947,-1420,-2996,87,-1383,-2323
1599834807558538918,e539e3161776d35cf26af697ef72fefffab9f3cb,-6855,-7402,6006,-11428,-3478,-2409,-4238,-257,-1351,-3125
1599834807560543286,e4ede2bf1760d3b7f249f5efef64fec6fab0f39c,-6931,-7489,5984,-11337,-3511,-2577,-4252,-314,-1360,-3172
1599834807598782778,e49fe26d174cd414f201f5aaeefffe4efaecf3a5,-7009,-7571,5964,-11244,-3583,-2646,-4353,-434,-1300,-3163
1599834807643785513,e44de222173bd472f214f5d5ee7cfdb7fb54f3b8,-7091,-7646,5947,-11150,-3564,-2603,-4484,-585,-1196,-3144
1599834807697091465,e3f7e1d6172cd4d5f21bf6a8ededfd35fb22f356,-7177,-7722,5932,-11051,-3557,-2392,-4627,-715,-1246,-3242
1599834807698885219,e3a1e189171ed53cf165f796edc9fd1afaf1f346,-7263,-7799,5918,-10948,-3739,-2154,-4663,-742,-1295,-3258
1599834807700864284,e244e06c16ead6e4eee2fab0eb6efc50fbe4f2e9,-7612,-8084,5866,-10524,-4382,-1360,-5266,-944,-1052,-3351
1599834807702781772,e1dfe02f16d1d74fef2efafaeaaafc2efcb1f26d,-7713,-8145,5841,-10417,-4306,-1286,-5462,-978,-847,-3475
1599834807735225286,e175dff716b1d7baeff9fb75e99afc0dfd7bf20a,-7819,-8201,5809,-10310,-4103,-1163,-5734,-1011,-645,-3574
1599834807823822046,de28def21524da6ff197fc62e6a5fc7b03b2f082,-8664,-8462,5412,-9617,-3689,-926,-6491,-901,946,-3966
1599834807831475260,dda1dee714c6dabff194fc13e695fcc90507f060,-8799,-8473,5318,-9537,-3692,-1005,-6507,-823,1287,-4000
1599834807877403064,d9b0de961197dd53f57efcbfe7b0fea4018cf045,-9808,-8554,4503,-8877,-2690,-833,-6224,-348,396,-4027
1599834807879316159,d94ede681141ddc1f4e6fbefe7d9ff130078f02d,-9906,-8600,4417,-8767,-2842,-1041,-6183,-237,120,-4051
1599834807881194902,d639ddd70e35e0a9f121fe53eaa8fc990839f249,-10695,-8745,3637,-8023,-3807,-429,-5464,-871,2105,-3511
1599834807883229726,d5c5ddfe0db2e0dff19dff5feb24fc6e099bf275,-10811,-8706,3506,-7969,-3683,-161,-5340,-914,2459,-3467
1599834807916234245,d37ddf340a9fe190f28a03aded62fca10f51f30b,-11395,-8396,2719,-7792,-3446,941,-4766,-863,3921,-3317
1599834807917180705,d309df8609e5e1a3f33d03b9eec9fcb21039f2f9,-11511,-8314,2533,-7773,-3267,953,-4407,-846,4153,-3335
1599834807919101723,cfece2d80311e194f56504b3ed29fd51169df547,-12308,-7464,785,-7788,-2715,1203,-4823,-687,5789,-2745
1599834807958841816,cf9ee3600221e17bf5ca04f9ed45fd5a1768f59e,-12386,-7328,545,-7813,-2614,1273,-4795,-678,5992,-2658
1599834808003744653,cddae9e8f776e00ef884059bef54fe0f18b6f892,-12838,-5656,-2186,-8178,-1916,1435,-4268,-497,6326,-1902
1599834808009273053,cdd3ea8cf687dfedf8db05c9ef6cfded18daf8d9,-12845,-5492,-2425,-8211,-1829,1481,-4244,-531,6362,-1831
1599834808011169773,ce63f027ef39deccfbb50461ef62fc571a75fb20,-12701,-4057,-4295,-8500,-1099,1121,-4254,-937,6773,-1248
1599834808048822571,ce91f0eeee57dea1fc2b0425efbefc0f1ac4fb70,-12655,-3858,-4521,-8543,-981,1061,-4162,-1009,6852,-1168
1599834808055112448,d0e3f7ade7cbdd0cff53049ef19ef9631ab9febb,-12061,-2131,-6197,-8948,-173,1182,-3682,-1693,6841,-325
1599834808056135417,d147f887e718dcd3ff9b048cf1c6f9191a3cff1b,-11961,-1913,-6376,-9005,-101,1164,-3642,-1767,6716,-229
1599834808101887639,d368fc9ee429dba6003804d5f31af7ad16e60122,-11416,-866,-7127,-9306,56,1237,-3302,-2131,5862,290
1599834808138858244,d3defd65e3aedb66004804d0f313f76616590185,-11298,-667,-7250,-9370,72,1232,-3309,-2202,5721,389
1599834808183892802,d7ef037ce0dad92800c9044cf4baf45d140a03ec,-10257,892,-7974,-9944,201,1100,-2886,-2979,5130,1004
1599834808191000369,d883043ee09ad8d8011f0434f4e9f3f213dd0440,-10109,1086,-8038,-10024,287,1076,-2839,-3086,5085,1088
1599834808192063594,df130b01dff6d4d202bc030ef619f1f40a00081d,-8429,2817,-8202,-11054,700,782,-2535,-3596,2560,2077
1599834808228893446,dfa40b68e018d466026502c6f647f1d80930086e,-8284,2920,-8168,-11162,613,710,-2489,-3624,2352,2158
1599834808230805462,e2880d1fe107d23601ad0212f70bf145070309df,-7544,3359,-7929,-11722,429,530,-2293,-3771,1795,2527
1599834808231874289,e3220d6ae141d1c401c60208f74cf12606bc0a22,-7390,3434,-7871,-11836,454,520,-2228,-3802,1724,2594
1599834808318994562,e8bc0f35e3f5cda002fe023cf849f05601ec0bde,-5956,3893,-7179,-12896,766,572,-1975,-4010,492,3038
1599834808363757581,e9ec0f46e4bdccb102d901fbf7faf09b00270c07,-5652,3910,-6979,-13135,729,507,-2054,-3941,39,3079
1599834808366080830,eeef0e3fe8a6c8b6034300f2f87df192fbe60cd2,-4369,3647,-5978,-14154,835,242,-1923,-3694,-1050,3282
1599834808368028072,ef800e0ae91bc84c035400fff84df1b7fba30cff,-4224,3594,-5861,-14260,852,255,-1971,-3657,-1117,3327
1599834808369154795,f3d10b62eca6c55103d8ffecf6aaf47ef68f0d44,-3119,2914,-4954,-15023,984,-20,-2390,-2946,-2417,3396
1599834808417468203,f44d0ae4ed11c4fd0396ffc0f68ff4ebf5de0d36,-2995,2788,-4847,-15107,918,-64,-2417,-2837,-2594,3382
1599834808418388282,f7980612f029c2dd024bfe8bf9a1f848f1440b9e,-2152,1554,-4055,-15651,587,-373,-1631,-1976,-3772,2974
1599834808419422632,f7f00557f080c2a9021afe1bf9c2f8b8f08c0b7e,-2064,1367,-3968,-15703,538,-485,-1598,-1864,-3956,2942
1599834808453877577,f9ae0075f279c1c400cbfd89f8b2fa61ed1409f5,-1618,117,-3463,-15932,203,-631,-1870,-1439,-4844,2549
1599834808543934898,f9e8ff8ff2c7c1ad00bcfd42f8b2fac3ec6c0994,-1560,-113,-3385,-15955,188,-702,-1870,-1341,-5012,2452
1599834808588947684,fb16f790f4ecc1b9fdbafca9f837fcc6e93d06d1,-1258,-2160,-2836,-15943,-582,-855,-1993,-826,-5827,1745
1599834808633896529,fb2bf693f52bc1d1fd6bfcbdf7fcfcd5e9910659,-1237,-2413,-2773,-15919,-661,-835,-2052,-811,-5743,1625
1599834808678940841,fb0fee6df671c368fddaf950f53100fae46f018d,-1265,-4499,-2447,-15512,-550,-1712,-2767,250,-7057,397
1599834808681225798,faefed35f67cc3c6fd75f8b6f56601b4e2eb0102,-1297,-4811,-2436,-15418,-651,-1866,-2714,436,-7445,258
1599834808723813617,f99de345f674c7f9f9aff7abf4880414e25dfe79,-1635,-7355,-2444,-14343,-1617,-2133,-2936,1044,-7587,-391
1599834808727933882,f973e221f65ec89bf9cff724f3ed04d6e268fe13,-1677,-7647,-2466,-14181,-1585,-2268,-3091,1238,-7576,-493
1599834808729944491,f7f9d7f4f4c5d005f5f2f22cf1b30a07d818fa69,-2055,-10252,-2875,-12283,-2574,-3540,-3661,2567,-10216,-1431
1599834808731878487,f7c2d6a2f483d140f43bf223f15209f3d812fa01,-2110,-10590,-2941,-11968,-3013,-3549,-3758,2547,-10222,-1535
1599834808768871363,f5a4cf6bf218da1deec4f3bcebe50636eae0f490,-2652,-12437,-3560,-9699,-4412,-3140,-5147,1590,-5408,-2928
1599834808769608491,f55ccf00f1a7dae7ef64f36dea9105ffedbdf39a,-2724,-12544,-3673,-9497,-4252,-3219,-5487,1535,-4675,-3174
1599834808770653567,f2dbcd15ed6de099f3ebf303e7da054cef7eeffd,-3365,-13035,-4755,-8039,-3093,-3325,-6182,1356,-4226,-4099
1599834808814621476,f27eccd5eceae17af369f306e8090540ee1cf002,-3458,-13099,-4886,-7814,-3223,-3322,-6135,1344,-4580,-4094
1599834808815770709,efbfcbf1e9a0e711edbdf929e2e4ff0ffa40f41d,-4161,-13327,-5728,-6383,-4675,-1751,-7452,-241,-1472,-3043
1599834808816519668,ef70cc0be941e765edaafaabe1c1fe92fb8bf414,-4240,-13301,-5823,-6299,-4694,-1365,-7743,-366,-1141,-3052
1599834808858839204,ecc4cd66e5b6ea35f29cfff8e24fff80fa46ef15,-4924,-12954,-6730,-5579,-3428,-8,-7601,-128,-1466,-4331
1599834808861632957,ec65cd97e52aeac4f3460024e28c007af862ee01,-5019,-12905,-6870,-5436,-3258,36,-7540,122,-1950,-4607
1599834808904009283,e9e1cfb6e135edeaef510314e84efc190847f080,-5663,-12362,-7883,-4630,-4271,788,-6066,-999,2119,-3968
1599834808907953025,e9bed0d4dfe5ed6cf4170363e854fb000dd1f0ac,-5698,-12076,-8219,-4756,-3049,867,-6060,-1280,3537,-3924
1599834808948962519,e929d44adc04ecc8f8710486ec2ffe7401fdf16b,-5847,-11190,-9212,-4920,-1935,1158,-5073,-396,509,-3733
1599834808950433261,e8f5d4acdb94ecfaf780041aed1afe9c00a6f18b,-5899,-11092,-9324,-4870,-2176,1050,-4838,-356,166,-3701
1599834808952334088,e785d7b5d8b7edd4f69e01a9f2d5fc4803c7f5e8,-6267,-10315,-10057,-4652,-2402,425,-3371,-952,967,-2584
1599834808953414589,e768d814d86cedccf6d801cff316fc2903f9f67e,-6296,-10220,-10132,-4660,-2344,463,-3306,-983,1017,-2434
1599834809083998655,e695da9cd6a8ed7bf7d7020af6cefc4d021cf97b,-6507,-9572,-10584,-4741,-2089,522,-2354,-947,540,-1669
1599834809102326633,e675dae0d681ed74f7d40200f708fc4a01c9f9c2,-6539,-9504,-10623,-4748,-2092,512,-2296,-950,457,-1598
1599834809103238176,e552dd1fd586ecedf785006df708fbb10255fd0c,-6830,-8929,-10874,-4883,-2171,109,-2296,-1103,597,-756
1599834809104286986,e542dd4ed577eccff7b1005bf6dcfbb20276fd71,-6846,-8882,-10889,-4913,-2127,91,-2340,-1102,630,-655
1599834809128889975,e47ed976da2ceb6df6fa03adf4090167f98309b7,-7042,-9866,-9684,-5267,-2310,941,-3063,359,-1661,2487
1599834809129623368,e484d917da85eb73f6f203b3f3940144f9f00a1d,-7036,-9961,-9595,-5261,-2318,947,-3180,324,-1552,2589
1599834809131478559,e48dd8b9dae1eb73f6db0397f3620124fa560a88,-7027,-10055,-9503,-5261,-2341,919,-3230,292,-1450,2696
1599834809182608685,e499d85adb3feb70f7040386f31c00f4fa950aeb,-7015,-10150,-9409,-5264,-2300,902,-3300,244,-1387,2795
1599834809183635261,e4a6d7fbdba1eb68f72b03a9f2b000b8faaa0b50,-7002,-10245,-9311,-5272,-2261,937,-3408,184,-1366,2896
1599834809185565537,e4b4d79bdc08eb5ff71903dcf20c008efab10bb9,-6988,-10341,-9208,-5281,-2279,988,-3572,142,-1359,3001
1599834809218969956,e4f2d609ddc7eb35f52f053bef8c006ffa0f0cf7,-6926,-10743,-8761,-5323,-2769,1339,-4212,111,-1521,3319
1599834809219950459,e503d5a4de3deb2cf4f6055def1d005efa120d12,-6909,-10844,-8643,-5332,-2826,1373,-4323,94,-1518,3346
1599834809263935507,e514d540deb4eb21f4af0528eef30039fa490d1d,-6892,-10944,-8524,-5343,-2897,1320,-4365,57,-1463,3357
1599834809266074127,e603d2d8e1daea41f3b20303edf8ffdefe980e8c,-6653,-11560,-7718,-5567,-3150,771,-4616,-34,-360,3724
1599834809308914032,e635d285e251ea0ff37d0325edd5ffd4fec10ee3,-6603,-11643,-7599,-5617,-3203,805,-4651,-44,-319,3811
1599834809311717387,e769d070e570e91af2c40368ec6c0034fc8f1012,-6295,-12176,-6800,-5862,-3388,872,-5012,52,-881,4114
1599834809398992817,e7d3cfbae68ee8e2f1d40303eb8e006dfc791013,-6189,-12358,-6514,-5918,-3628,771,-5234,109,-903,4115
1599834809404620033,e9becd6cea81e7e6f14e018fe8830185fe231157,-5698,-12948,-5503,-6170,-3762,399,-6013,389,-477,4439
1599834809444003124,ea12cd17eb18e7c8f149017be82101e3fdb71189,-5614,-13033,-5352,-6200,-3767,379,-6111,483,-585,4489
1599834809449205143,ed6bca96ef89e6f5eda7fdbbe7ef047802b810fd,-4757,-13674,-4215,-6411,-4697,-581,-6161,1144,696,4349
1599834809450302837,edefca68effee6adeda6fd33e86e048304b110d8,-4625,-13720,-4098,-6483,-4698,-717,-6034,1155,1201,4312
1599834809452233964,f283ca45f2fde2b5f00bf8fae94a042e0ddf0f3d,-3453,-13755,-3331,-7499,-4085,-1798,-5814,1070,3551,3901
1599834809489700307,f318ca5cf34fe224eff8f859e8ec04180e080ec0,-3304,-13732,-3249,-7644,-4104,-1959,-5908,1048,3592,3776
1599834809491026868,f762cc3bf57bdce9edfaf656ecabffb018570b03,-2206,-13253,-2693,-8983,-4614,-2474,-4949,-80,6231,2819
1599834809578990766,f7d2cccbf5addbefeedef68eed7effcf1b2b09f5,-2094,-13109,-2643,-9233,-4386,-2418,-4738,-49,6955,2549
1599834809585762226,fbf4d5baf6b1d108fb3df6c2ef7dffdf20ac0493,-1036,-10822,-2383,-12024,-1219,-2366,-4227,-33,8364,1171
1599834809586804999,fc4cd6b1f6bad025fc05f6fbefb300101f6e0419,-948,-10575,-2374,-12251,-1019,-2309,-4173,16,8046,1049
1599834809587923426,fe38dc2bf6afcbd3ff1ef845f0aa01f81a9a0294,-456,-9173,-2385,-13357,-226,-1979,-3926,504,6810,660
1599834809625434438,fedbddf7f696caa2ffe8f929f04e027e19fb0250,-293,-8713,-2410,-13662,-24,-1751,-4018,638,6651,592
1599834809627376007,00fde3def5bec771005bfbb3f15e0563151700df,253,-7202,-2626,-14479,91,-1101,-3746,1379,5399,223
1599834809669676722,0144e4a3f58cc71cfffdfbcff1a105c11468009a,324,-7005,-2676,-14564,-3,-1073,-3679,1473,5224,154
1599834809671572717,034aeaa3f370c515fe56fc73f4b6082e1277fedf,842,-5469,-3216,-15083,-426,-909,-2890,2094,4727,-289
1599834809714731690,0384eb67f31fc4e4fe55fc88f501086d1282fe97,900,-5273,-3297,-15132,-427,-888,-2815,2157,4738,-361
1599834809715787428,04d4f1c5f017c3dbfe6afc7df5ef0a7e11b3fb6e,1236,-3643,-4073,-15397,-406,-899,-2577,2686,4531,-1170
1599834809758905061,04ecf294efa7c3cbfe7ffc96f5ec0ad3118ffb00,1260,-3436,-4185,-15413,-385,-874,-2580,2771,4495,-1280
1599834809762809570,0509f8e0ebbec3ebfffdfc55f6fa0d420e97f83c,1289,-1824,-5186,-15381,-3,-939,-2310,3394,3735,-1988
1599834809804047550,04f6f999eb32c4050029fc85f6ee0d800dddf7e4,1270,-1639,-5326,-15355,41,-891,-2322,3456,3549,-2076
1599834809808041045,037bfec3e695c56000f6fc8bf7150efa0938f4f1,891,-317,-6507,-15008,246,-885,-2283,3834,2360,-2831
1599834809849032850,0331ff56e5fcc59d0118fca1f70f0f210899f4ba,817,-170,-6660,-14947,280,-863,-2289,3873,2201,-2886
1599834809855262759,00030310e134c7fa01b4fd8ef76d0faa02c9f2b5,3,784,-7884,-14342,436,-626,-2195,4010,713,-3403
1599834809939066285,ff81036ce0a0c85301c8fd79f77e0fae0206f279,-127,876,-8032,-14253,456,-647,-2178,4014,518,-3463
1599834809984010446,fab20570dc84cb470195fdc0f7c10deffcf2f150,-1358,1392,-9084,-13497,405,-576,-2111,3567,-782,-3760
1599834809986156300,fa0a05a2dc15cbaa01a2fdebf7a60daffccff136,-1526,1442,-9195,-13398,418,-533,-2138,3503,-817,-3786
1599834809988104109,f4ca071bd937ced9037efd76f7670b68fbe4f144,-2870,1819,-9929,-12583,894,-650,-2201,2920,-1052,-3772
1599834810028972364,f4220742d8f2cf3e03b9fd6cf72d0af6fb8ef154,-3038,1858,-9998,-12482,953,-660,-2259,2806,-1138,-3756
1599834810034474081,eecd07fdd793d22503c1fe97f57207b2f86ef29c,-4403,2045,-10349,-11739,961,-361,-2702,1970,-1938,-3428
1599834810036406870,ee230803d77fd2790404fedcf5bf0761f7fbf2db,-4573,2051,-10369,-11655,1028,-292,-2625,1889,-2053,-3365
1599834810038386739,e85f06f9d7a8d4da04b6ffacf5af060eefa1f4f6,-6049,1785,-10328,-11046,1206,-84,-2641,1550,-4191,-2826
1599834810075399160,e78f06a8d7d0d51c0431ffd4f5b805c6ee69f540,-6257,1704,-10288,-10980,1073,-44,-2632,1478,-4503,-2752
1599834810118968172,e1180398d9eed706fff9014ff5e80331ecf2f6fb,-7912,920,-9746,-10490,-7,335,-2584,817,-4878,-2309
1599834810164028804,e05e033eda41d740ffd1015df61902e7ed54f723,-8098,830,-9663,-10432,-47,349,-2535,743,-4780,-2269
1599834810171540163,db07002fdd44d8fafe7902c6f57601f6ebf6f9b6,-9465,47,-8892,-9990,-391,710,-2698,502,-5130,-1610
1599834810173494179,da66ffbcddb7d92ffe1f02e3f55501edebaffa05,-9626,-68,-8777,-9937,-481,739,-2731,493,-5201,-1531
1599834810174590681,d5cffbe1e1e7daacfd7b03b9f6460038ea41fcb5,-10801,-1055,-7705,-9556,-645,953,-2490,56,-5567,-843
1599834810209112204,d54dfb63e281dad3fd4a03eff59afff4ea74fd13,-10931,-1181,-7551,-9517,-694,1007,-2662,-12,-5516,-749
1599834810254049240,d274f83ce6ccdb94fb2f0621ef9cfddff1540053,-11660,-1988,-6452,-9324,-1233,1569,-4196,-545,-3756,83
1599834810257060757,d239f7ede747db9bfb760608ef8cfdc6f18200b7,-11719,-2067,-6329,-9317,-1162,1544,-4212,-570,-3710,183
1599834810258156430,d076f4c7ec3fdbaafbc4071bec8afcc0ecd00352,-12170,-2873,-5057,-9302,-1084,1819,-4982,-832,-4912,850
1599834810299020023,d047f463eceddbaafb070788ec3afc55eda90327,-12217,-2973,-4883,-9302,-1273,1928,-5062,-939,-4695,807
1599834810343972242,cf91f293f0f1db58fea80851e98cfc21f5f7040b,-12399,-3437,-3855,-9384,-344,2129,-5748,-991,-2569,1035
1599834810345862425,cf8bf256f16adb46ffad081fe99dfc99f4c50475,-12405,-3498,-3734,-9402,-83,2079,-5731,-871,-2875,1141
1599834810347787079,cfbbed63f74edb56fa860799e96a0359e59c08bd,-12357,-4765,-2226,-9386,-1402,1945,-5782,857,-6756,2237
1599834810389072139,cfdfec86f829db68f96c077de9bd03f2e5cd092e,-12321,-4986,-2007,-9368,-1684,1917,-5699,1010,-6707,2350
1599834810394872643,d1e4e6d5fdbbdb81f5a4040fea300520ee27095b,-11804,-6443,-581,-9343,-2652,1039,-5584,1312,-4569,2395
1599834810524154396,d23ee61ffe62db87f53502a7ebad05c8ec0f0b0a,-11714,-6625,-414,-9337,-2763,679,-5203,1480,-5105,2826
1599834810536137061,d60ce25f03c4d9ffefb3ff26eaa8ffcff773141d,-10740,-7585,964,-9729,-4173,-218,-5464,-49,-2189,5149
1599834810538040065,d721e2250511d927ee8affc7e7fcfecdf8f614ae,-10463,-7643,1297,-9945,-4470,-57,-6148,-307,-1802,5294
1599834810539998706,d7abe20c05a7d8c0edd0ff70e6dfff39f9aa13e0,-10325,-7668,1447,-10048,-4656,-144,-6433,-199,-1622,5088
1599834810569067025,dafae1d208a6d649ef8efabee76b0017fd931324,-9478,-7726,2214,-10679,-4210,-1346,-6293,23,-621,4900
1599834810570901355,db8ee1d70915d5dbf025fa4be80b008cfdcc1339,-9330,-7721,2325,-10789,-4059,-1461,-6133,140,-564,4921
1599834810572024425,e13ee06c0cfed374f3d9f58dedc706c6f097114d,-7874,-8084,3326,-11404,-3111,-2675,-4665,1734,-3945,4429
1599834810749140364,e211dfea0d79d366f2b0f485ee510787efeb109f,-7663,-8214,3449,-11418,-3408,-2939,-4527,1927,-4117,4255
1599834810760136479,e792dea00f15d18bf0fbf45eee5a07be06190c88,-6254,-8544,3861,-11893,-3845,-2978,-4518,1982,1561,3208
1599834810762049103,e80fdee00f03d117f230f45bee7c077108130c24,-6129,-8480,3843,-12009,-3536,-2981,-4484,1905,2067,3108
1599834810764122911,eb99dff10e3ace81f7f3f8d9f53208c5ff3706dc,-5223,-8207,3642,-12671,-2061,-1831,-2766,2245,-201,1756
1599834810795897627,ec06dfd60e1ace5df7a5f8fbf57608b0fec10641,-5114,-8234,3610,-12707,-2139,-1797,-2698,2224,-319,1601
1599834810797846459,ee85e0360d1accedfa06fb78f60504c205820547,-4475,-8138,3354,-13075,-1530,-1160,-2555,1218,1410,1351
1599834810884060234,eec1e0620d00ccb7fa5cfc20f5b70493055e0515,-4415,-8094,3328,-13129,-1444,-992,-2633,1171,1374,1301
1599834810885321411,f044e12e0c3dcb92f6f0fc88f409038d03db0197,-4028,-7890,3133,-13422,-2320,-888,-3063,909,987,407
1599834810888841857,f05be14b0c1ccb72f691fc60f37b037004240153,-4005,-7861,3100,-13454,-2415,-928,-3205,880,1060,339
1599834810890682742,f0ade34d0afec9fef7fcfe59f0ec025a0b39008b,-3923,-7347,2814,-13826,-2052,-423,-3860,602,2873,139
1599834810929059557,f0a8e3b40acdc9bff88bfe4df0ae02530bbc0082,-3928,-7244,2765,-13889,-1909,-435,-3922,595,3004,130
1599834810930391597,f0bfe5c509b3c87dfb96ff90efa1028d022700f0,-3905,-6715,2483,-14211,-1130,-112,-4191,653,551,240
1599834810974008589,f0d6e5c209a2c875fb2cffa3f006027700960142,-3882,-6718,2466,-14219,-1236,-93,-4090,631,150,322
1599834810974731225,f143e5a10907c84dfa64fddfef8601250302007b,-3773,-6751,2311,-14259,-1436,-545,-4218,293,770,123
1599834810977834867,f148e5c308fac83afaacfe2fef9f00d303f800a5,-3768,-6717,2298,-14278,-1364,-465,-4193,211,1016,165
1599834810979770409,f189e6f808b9c792fd7afe11ef71005102130189,-3703,-6408,2233,-14446,-646,-495,-4239,81,531,393
1599834811019145222,f19ae6ff08bdc78bfd92fdd9ef96004d00fd01b2,-3686,-6401,2237,-14453,-622,-551,-4202,77,253,434
1599834811022022621,f29be6010956c7d7faaafdb6f0900020fa9e0301,-3429,-6655,2390,-14377,-1366,-586,-3952,32,-1378,769
1599834811023972585,f2c3e5cb0973c7ebfa2efdd4f0c20012fa570305,-3389,-6709,2419,-14357,-1490,-556,-3902,18,-1449,773
1599834811064134417,f43ee4a80ad9c863f875fd4cf234fe0effba0425,-3010,-7000,2777,-14237,-1931,-692,-3532,-498,-70,1061
1599834811067061469,f45ee4b60b04c85ef85dfd58f211fde1006d0445,-2978,-6986,2820,-14242,-1955,-680,-3567,-543,109,1093
1599834811109114078,f547e5730c76c822f5a0ff0bf15ffd770136042e,-2745,-6797,3190,-14302,-2656,-245,-3745,-649,310,1070
1599834811111769241,f561e58b0ca1c81bf568ff34f172fd8b0151040c,-2719,-6773,3233,-14309,-2712,-204,-3726,-629,337,1036
1599834811113636417,f5b9e6b40d79c7b4f646ffa0f2c6fd5f06e50336,-2631,-6476,3449,-14412,-2490,-96,-3386,-673,1765,822
1599834811154069282,f5bae7100d95c792f652ffb5f2d3fd4e083d031c,-2630,-6384,3477,-14446,-2478,-75,-3373,-690,2109,796
1599834811156220061,f82ff1a90ebdc3e6fb2d01f6f20600d60217040f,-2001,-3671,3773,-15386,-1235,502,-3578,214,535,1039
1599834811157275603,f858f1c10ebfc3dbfad8023af20000c80183040d,-1960,-3647,3775,-15397,-1320,570,-3584,200,387,1037
1599834811199800703,f882f1d60ec1c3d2fac50235f1f100c40128040c,-1918,-3626,3777,-15406,-1339,565,-3599,196,296,1036
1599834811204559423,f8adf1e90ec3c3c8faaa025af1bb00dc01040424,-1875,-3607,3779,-15416,-1366,602,-3653,220,260,1060
1599834811289163727,f8dbf1fd0ec3c3befa92023df1a501060102044c,-1829,-3587,3779,-15426,-1390,573,-3675,262,258,1100
1599834811334207276,f90af2100ec2c3b4fa69020ef168012b0100046d,-1782,-3568,3778,-15436,-1431,526,-3736,299,256,1133
1599834811340619460,fd19f5c90ee5c2abfce701e7f095009103b1052e,-743,-2615,3813,-15701,-793,487,-3947,145,945,1326
1599834811342513121,fd4af5f60eeac2a2fcc901f9f0900091031f0532,-694,-2570,3818,-15710,-823,505,-3952,145,799,1330
1599834811343533739,fd7df61d0eeec29bfcb001fff055009102760542,-643,-2531,3822,-15717,-848,511,-4011,145,630,1346
1599834811379192304,fdb3f63d0ef3c295fc8c01fef073009601c80557,-589,-2499,3827,-15723,-884,510,-3981,150,456,1367
1599834811381023714,fdebf6570ef7c290fc450218f07f009d01370567,-533,-2473,3831,-15728,-955,536,-3969,157,311,1383
1599834811383024254,feccf6ab0f04c280fa4b0211f07e00c400e50508,-308,-2389,3844,-15744,-1461,529,-3970,196,229,1288
1599834811424187144,fefef6c70f06c27bfa0b01fcf0ac00c4017304ce,-258,-2361,3846,-15749,-1525,508,-3924,196,371,1230
1599834811469125582,ff2bf6ec0f07c276f9fc01c4f0a500bb023b0499,-213,-2324,3847,-15754,-1540,452,-3931,187,571,1177
1599834811514207966,ff54f71a0f0ac26ffa090187f0d5009d03260472,-172,-2278,3850,-15761,-1527,391,-3883,157,806,1138
1599834811515578618,000ff8c60f52c248fc83013ef110ff02063b042e,15,-1850,3922,-15800,-893,318,-3824,-254,1595,1070
1599834811517498803,002bf9120f66c244fcdf017ef0dafeda05fc0426,43,-1774,3942,-15804,-801,382,-3878,-294,1532,1062
